Ticker,Name,Price,Sector,Industry,Market Cap,Volume,Rel Vol 1D,ADR%,EPS Qtr YoY,Rev Qtr YoY,P>50,P>200,% From 52W High,RS 1W,RS 1M,RS 3M,RS 6M,RS 1Y,% 1D,% 1W,% 1M,% 3M,% 6M,% 1Y
A,"Agilent Technologies, Inc.",129.58,Healthcare,Diagnostics & Research,36.74B,1.92M,1.04,2.68%,23.6%,9.4%,No,Yes,-19.00%,17,15,12,58,20,-0.05%,-4.29%,-11.10%,-11.99%,13.48%,-11.53%
AAPL,Apple Inc.,278.12,Technology,Consumer Electronics,4087.79B,50.05M,1.01,2.20%,15.9%,15.7%,Yes,Yes,-3.64%,53,63,37,71,62,0.80%,3.00%,7.37%,3.20%,21.52%,19.79%
ABBV,AbbVie Inc.,223.43,Healthcare,Drug Manufacturers - General,394.89B,5.05M,0.74,2.73%,0.0%,10.0%,Yes,Yes,-7.34%,28,36,36,59,62,2.01%,-0.98%,0.49%,2.82%,14.54%,19.67%
ABNB,"Airbnb, Inc.",122.18,Consumer Cyclical,Travel Services,74.80B,5.35M,1.37,3.27%,0.4%,9.7%,No,No,-25.47%,12,15,32,34,26,0.75%,-6.95%,-11.89%,1.37%,0.96%,-7.84%
ABT,Abbott Laboratories,110.83,Healthcare,Medical Devices,192.90B,9.89M,0.93,2.44%,-80.8%,4.4%,No,No,-20.05%,39,15,13,12,19,1.60%,1.30%,-11.72%,-10.85%,-16.68%,-11.94%
ACGL,Arch Capital Group Ltd.,100.95,Financial Services,Insurance - Diversified,37.68B,1.65M,0.81,2.00%,36.6%,8.2%,Yes,Yes,-2.36%,65,51,65,59,45,-1.01%,4.38%,4.74%,15.03%,13.64%,7.53%
ACN,Accenture plc,240.62,Technology,Information Technology Services,149.22B,4.49M,1.03,3.52%,-3.0%,6.0%,No,No,-38.92%,8,11,28,33,4,3.01%,-9.81%,-14.62%,-0.30%,0.59%,-37.26%
ADBE,Adobe Inc.,268.38,Technology,Software - Application,112.34B,5.42M,1.14,3.04%,10.3%,10.5%,No,No,-42.37%,10,5,9,9,4,-0.37%,-8.52%,-20.84%,-18.01%,-21.31%,-38.36%
ADI,"Analog Devices, Inc.",320.45,Technology,Semiconductors,156.91B,6.76M,1.86,2.86%,64.8%,25.9%,Yes,Yes,-2.21%,39,61,93,90,88,-0.52%,1.13%,7.12%,38.09%,44.16%,56.73%
ADM,Archer-Daniels-Midland Company,66.33,Consumer Defensive,Farm Products,31.88B,2.11M,0.59,3.06%,-19.6%,-13.7%,Yes,Yes,-4.90%,22,68,71,64,86,1.38%,-2.57%,8.40%,17.93%,16.64%,51.30%
ADP,"Automatic Data Processing, Inc.",231.36,Technology,Software - Application,93.57B,3.09M,1.33,2.09%,10.3%,6.2%,No,No,-28.70%,13,13,16,7,10,-1.12%,-6.54%,-12.91%,-7.73%,-23.46%,-23.46%
ADSK,"Autodesk, Inc.",240.4,Technology,Software - Application,51.21B,2.14M,1.13,3.09%,24.7%,18.0%,No,No,-26.95%,14,13,8,12,11,0.98%,-5.94%,-13.08%,-18.47%,-17.30%,-21.87%
AEE,Ameren Corporation,105.09,Utilities,Utilities - Regulated Electric,28.43B,1.56M,1.1,1.52%,40.4%,24.8%,Yes,Yes,-1.01%,51,54,38,42,51,0.27%,2.63%,5.58%,3.76%,5.14%,11.81%
AEP,"American Electric Power Company, Inc.",120.8,Utilities,Utilities - Regulated Electric,64.66B,2.76M,0.85,1.77%,1.3%,10.9%,Yes,Yes,-3.21%,46,49,34,47,69,0.16%,2.09%,4.20%,1.86%,8.22%,24.80%
AES,The AES Corporation,16.05,Utilities,Utilities - Diversified,11.43B,6.62M,0.73,3.26%,26.8%,1.9%,Yes,Yes,-0.86%,90,84,63,76,89,2.95%,8.96%,14.21%,14.45%,25.35%,56.82%
AFL,Aflac Incorporated,117.15,Financial Services,Insurance - Life,61.40B,2.50M,1.16,1.98%,-27.5%,-9.9%,Yes,Yes,-1.82%,68,58,38,59,57,-0.27%,4.64%,6.25%,3.57%,14.38%,16.15%
AIG,"American International Group, Inc.",76.72,Financial Services,Insurance - Diversified,42.50B,3.08M,0.63,2.21%,13.1%,-4.1%,No,No,-12.11%,59,30,31,30,41,1.00%,3.79%,-1.51%,1.10%,-0.71%,5.07%
AIZ,"Assurant, Inc.",243.31,Financial Services,Insurance - Property & Casualty,12.28B,0.29M,0.89,1.88%,98.5%,8.9%,Yes,Yes,-1.22%,39,40,59,70,55,0.35%,1.21%,2.22%,12.66%,20.61%,14.59%
AJG,Arthur J. Gallagher & Co.,241.58,Financial Services,Insurance Brokers,62.08B,1.10M,0.59,2.83%,-41.5%,36.7%,No,No,-30.75%,26,19,26,13,9,-0.48%,-1.50%,-8.68%,-1.23%,-16.13%,-23.84%
AKAM,"Akamai Technologies, Inc.",95.08,Technology,Software - Infrastructure,13.68B,3.15M,1.02,3.43%,142.1%,5.0%,Yes,Yes,-9.43%,26,77,88,85,32,3.92%,-1.60%,10.93%,30.25%,34.81%,-4.55%
ALB,Albemarle Corporation,163.37,Basic Materials,Specialty Chemicals,19.23B,2.12M,0.64,4.76%,0.0%,-3.5%,Yes,Yes,-16.52%,28,45,98,97,96,4.40%,-0.95%,3.20%,79.56%,118.27%,111.09%
ALGN,"Align Technology, Inc.",187.6,Healthcare,Medical Instruments & Supplies,13.60B,1.95M,1.93,3.38%,30.8%,5.3%,Yes,Yes,-19.21%,97,74,95,84,17,6.82%,14.65%,9.98%,40.28%,34.11%,-14.09%
ALL,The Allstate Corporation,207.55,Financial Services,Insurance - Property & Casualty,54.31B,1.95M,1.14,2.60%,98.8%,5.1%,Yes,Yes,-4.24%,55,30,41,35,48,-3.55%,3.38%,-1.68%,5.31%,1.33%,10.29%
ALLE,Allegion plc,179.77,Industrials,Security & Protection Services,15.47B,0.85M,1.08,2.04%,8.2%,10.7%,Yes,Yes,-0.50%,89,72,50,52,81,2.24%,8.61%,9.44%,8.91%,9.80%,40.12%
ALNY,"Alnylam Pharmaceuticals, Inc.",328.16,Healthcare,Biotechnology,43.35B,1.46M,1.03,3.73%,0.0%,149.3%,No,No,-33.78%,19,8,4,6,60,-0.93%,-3.23%,-17.84%,-25.50%,-25.24%,17.94%
AMAT,"Applied Materials, Inc.",322.51,Technology,Semiconductor Equipment & Materials,255.98B,8.22M,1.13,4.46%,9.6%,-3.5%,Yes,Yes,-6.41%,24,84,94,96,93,6.09%,-1.79%,14.51%,38.37%,75.30%,78.19%
AMCR,Amcor plc,48.17,Consumer Cyclical,Packaging & Containers,22.26B,6.14M,1.07,2.91%,8.6%,68.1%,Yes,Yes,-6.50%,93,78,69,31,34,2.97%,10.10%,11.12%,17.20%,-0.37%,-1.37%
AMD,"Advanced Micro Devices, Inc.",208.44,Technology,Semiconductors,339.84B,53.88M,1.41,5.10%,213.5%,34.1%,No,Yes,-21.96%,3,39,11,70,95,8.28%,-15.36%,1.84%,-12.31%,20.65%,89.22%
AME,"AMETEK, Inc.",231.91,Industrials,Specialty Industrial Machinery,53.56B,0.88M,0.67,2.04%,2.9%,13.4%,Yes,Yes,-1.13%,44,75,70,78,72,0.92%,1.84%,10.41%,17.75%,27.77%,27.65%
AMGN,Amgen Inc.,384.32,Healthcare,Drug Manufacturers - General,207.15B,3.80M,1.41,2.83%,112.6%,8.6%,Yes,Yes,-0.21%,94,88,79,86,78,4.49%,11.50%,16.42%,22.65%,35.38%,33.26%
AMP,"Ameriprise Financial, Inc.",542.99,Financial Services,Asset Management,50.45B,0.42M,0.75,2.59%,-5.9%,8.6%,Yes,Yes,-1.31%,46,65,73,46,39,1.49%,2.03%,7.85%,19.09%,7.91%,1.53%
AMT,American Tower Corporation,171.27,Real Estate,REIT - Specialty,80.20B,2.72M,0.9,2.70%,0.0%,7.7%,No,No,-25.55%,27,37,22,14,28,-0.13%,-1.40%,0.55%,-2.89%,-15.52%,-6.57%
AMZN,"Amazon.com, Inc.",210.32,Consumer Cyclical,Internet Retail,2248.37B,179.38M,3.95,2.61%,38.2%,13.4%,No,No,-18.67%,4,11,10,24,19,-5.55%,-13.43%,-14.60%,-13.46%,-5.55%,-11.94%
ANET,"Arista Networks, Inc.",137.49,Technology,Computer Hardware,173.14B,8.06M,1.05,4.54%,14.0%,27.5%,Yes,Yes,-16.64%,31,78,34,29,61,6.85%,-0.64%,11.13%,2.59%,-1.21%,19.28%
AON,Aon plc,342.04,Financial Services,Insurance Brokers,73.52B,1.12M,1.04,2.03%,136.5%,3.7%,No,No,-16.83%,23,28,30,22,21,-0.38%,-2.17%,-2.82%,0.60%,-6.65%,-10.72%
AOS,A. O. Smith Corporation,78.98,Industrials,Specialty Industrial Machinery,11.07B,0.84M,0.6,2.30%,14.3%,0.0%,Yes,Yes,-0.32%,77,81,77,56,66,1.11%,5.72%,12.74%,21.03%,12.67%,23.03%
APA,APA Corporation,27.46,Energy,Oil & Gas E&P,9.82B,5.01M,0.85,3.62%,0.0%,-16.4%,Yes,Yes,-0.69%,80,71,69,89,78,3.70%,6.06%,9.27%,17.26%,40.09%,33.45%
APD,"Air Products and Chemicals, Inc.",283.12,Basic Materials,Specialty Chemicals,63.04B,0.77M,0.54,2.18%,9.8%,5.8%,Yes,Yes,-13.66%,66,67,53,31,21,-0.13%,4.48%,8.38%,10.20%,-0.58%,-11.42%
APH,Amphenol Corporation,136.23,Technology,Electronic Components,166.75B,11.17M,1.06,4.74%,60.2%,49.1%,No,Yes,-18.44%,14,35,26,75,95,6.74%,-6.00%,-0.01%,-1.17%,24.28%,96.03%
APO,"Apollo Global Management, Inc.",133.03,Financial Services,Asset Management,77.21B,6.03M,1.84,3.38%,114.1%,26.4%,No,No,-19.82%,33,18,38,24,13,5.51%,-0.12%,-9.00%,3.54%,-5.58%,-18.18%
APP,AppLovin Corporation,406.72,Communication Services,Advertising Agencies,137.57B,6.44M,1.16,7.43%,92.3%,68.2%,No,No,-45.45%,3,0,2,17,44,8.39%,-15.79%,-34.03%,-34.54%,-10.80%,6.85%
APTV,Aptiv PLC,82.38,Consumer Cyclical,Auto Parts,17.94B,1.07M,0.48,3.64%,-48.5%,5.0%,Yes,Yes,-7.37%,76,24,30,73,74,3.34%,5.64%,-4.71%,0.34%,23.14%,29.77%
ARE,"Alexandria Real Estate Equities, Inc.",55.9,Real Estate,REIT - Office,9.69B,1.36M,0.52,3.47%,0.0%,-5.2%,Yes,No,-43.40%,54,52,44,8,3,1.38%,3.23%,4.94%,6.69%,-22.35%,-38.41%
ARES,Ares Management Corporation,130.46,Financial Services,Asset Management,42.74B,6.33M,2.21,4.35%,-69.4%,19.5%,No,No,-32.33%,6,3,11,4,7,7.05%,-10.93%,-25.77%,-13.19%,-29.88%,-30.05%
ARM,Arm Holdings plc,123.7,Technology,Semiconductors,131.37B,15.02M,2.13,5.33%,-11.5%,26.3%,Yes,No,-32.46%,97,71,6,18,9,11.56%,15.68%,9.39%,-21.83%,-10.69%,-26.14%
ASML,ASML Holding N.V.,1413.01,Technology,Semiconductor Equipment & Materials,548.46B,1.89M,0.94,3.56%,5.4%,4.9%,Yes,Yes,-5.39%,24,91,93,97,95,4.66%,-1.97%,18.31%,37.29%,95.97%,93.00%
ATO,Atmos Energy Corporation,171.38,Utilities,Utilities - Regulated Gas,28.35B,0.74M,0.54,1.79%,14.5%,14.2%,Yes,Yes,-4.59%,53,42,24,43,65,-0.07%,2.92%,2.56%,-1.78%,5.46%,22.44%
AVB,"AvalonBay Communities, Inc.",173.83,Real Estate,REIT - Residential,24.61B,1.44M,1.27,2.46%,-41.6%,3.0%,No,No,-21.77%,29,22,29,24,13,2.43%,-0.85%,-5.57%,0.14%,-5.19%,-18.80%
AVGO,Broadcom Inc.,332.92,Technology,Semiconductors,1578.46B,32.78M,1.28,4.30%,172.7%,16.4%,No,Yes,-19.55%,37,35,18,51,84,7.22%,0.55%,0.13%,-6.20%,9.56%,45.20%
AVY,Avery Dennison Corporation,191.51,Consumer Cyclical,Packaging & Containers,14.80B,0.72M,1.09,2.02%,-4.4%,3.9%,Yes,Yes,-2.29%,49,45,58,58,46,-0.71%,2.36%,2.95%,11.99%,13.36%,7.66%
AWK,"American Water Works Company, Inc.",124.33,Utilities,Utilities - Regulated Water,24.27B,1.09M,0.77,2.19%,8.3%,9.7%,No,No,-18.58%,25,26,22,14,40,-1.07%,-1.77%,-3.82%,-3.38%,-13.43%,2.75%
AXON,"Axon Enterprise, Inc.",414.2,Industrials,Aerospace & Defense,32.90B,1.46M,1.76,5.19%,0.0%,30.6%,No,No,-53.25%,8,1,2,0,3,3.64%,-9.95%,-32.43%,-29.45%,-50.84%,-38.85%
AXP,American Express Company,359.15,Financial Services,Credit Services,247.40B,3.29M,1.16,2.23%,13.5%,10.6%,No,Yes,-7.11%,43,21,24,71,53,1.28%,1.79%,-6.22%,-1.58%,21.33%,13.38%
AZO,"AutoZone, Inc.",3681.26,Consumer Cyclical,Auto Parts,61.23B,0.12M,0.71,2.80%,-6.0%,8.2%,Yes,No,-16.11%,28,77,29,20,43,2.11%,-1.11%,11.08%,0.21%,-8.77%,6.19%
BA,The Boeing Company,243.03,Industrials,Aerospace & Defense,190.86B,6.68M,0.84,2.86%,0.0%,57.1%,Yes,Yes,-4.45%,64,60,81,44,76,2.57%,4.30%,6.88%,23.68%,6.07%,31.51%
BAC,Bank of America Corporation,56.53,Financial Services,Banks - Diversified,412.81B,41.12M,1.14,1.95%,14.7%,13.2%,Yes,Yes,-1.77%,67,37,44,75,63,2.89%,4.63%,0.62%,6.63%,24.19%,21.15%
BALL,Ball Corporation,66.47,Consumer Cyclical,Packaging & Containers,18.09B,2.78M,1.21,2.24%,0.0%,16.2%,Yes,Yes,-0.75%,98,94,93,74,76,0.42%,17.25%,21.23%,37.95%,23.93%,31.66%
BAX,Baxter International Inc.,21.73,Healthcare,Medical Instruments & Supplies,11.17B,11.99M,1.43,3.25%,0.0%,5.0%,Yes,No,-41.66%,91,52,76,22,8,-0.18%,9.36%,5.03%,20.92%,-7.58%,-28.20%
BBY,"Best Buy Co., Inc.",70.41,Consumer Cyclical,Specialty Retail,14.79B,2.47M,0.59,3.22%,-48.7%,2.4%,Yes,No,-19.07%,84,30,15,41,18,3.27%,6.84%,-1.95%,-9.32%,4.77%,-13.67%
BDX,"Becton, Dickinson and Company",210.02,Healthcare,Medical Instruments & Supplies,59.94B,1.91M,1.08,2.32%,23.3%,8.3%,Yes,Yes,-10.31%,62,41,73,51,30,1.70%,4.02%,2.36%,19.04%,9.72%,-5.57%
BEN,"Franklin Resources, Inc.",27.2,Financial Services,Asset Management,14.18B,4.24M,0.78,2.74%,56.2%,3.4%,Yes,Yes,-2.65%,36,60,72,55,81,1.08%,0.48%,6.88%,18.59%,11.87%,39.97%
BF-B,Brown-Forman Corporation,29.45,Consumer Defensive,Beverages - Wineries & Distilleries,13.64B,2.94M,0.61,3.10%,-13.2%,-5.4%,Yes,Yes,-22.37%,88,84,58,27,33,1.66%,8.59%,14.64%,11.88%,-2.85%,-2.91%
BG,Bunge Global SA,115.86,Consumer Defensive,Farm Products,22.40B,1.62M,0.95,3.19%,-84.2%,75.5%,Yes,Yes,-4.75%,42,91,80,90,93,1.69%,1.65%,18.82%,23.15%,41.95%,73.06%
BIIB,Biogen Inc.,201.18,Healthcare,Drug Manufacturers - General,29.51B,3.40M,2.23,3.44%,20.1%,2.8%,Yes,Yes,-0.61%,95,67,86,93,82,8.53%,12.33%,8.16%,28.35%,53.96%,41.31%
BK,The Bank of New York Mellon Corporation,124.32,Financial Services,Banks - Diversified,86.69B,3.90M,1.1,1.94%,26.5%,7.8%,Yes,Yes,-0.81%,48,48,65,71,84,3.16%,2.23%,4.02%,15.17%,21.73%,46.92%
BKNG,Booking Holdings Inc.,4457.17,Consumer Cyclical,Travel Services,144.46B,0.52M,2.18,3.25%,9.2%,12.7%,No,No,-23.39%,4,7,15,12,29,0.31%,-12.98%,-18.14%,-8.85%,-17.25%,-6.06%
BKR,Baker Hughes Company,58.92,Energy,Oil & Gas Equipment & Services,58.14B,9.34M,1.02,3.10%,-25.7%,0.3%,Yes,Yes,-1.04%,65,90,82,86,72,2.72%,4.38%,17.37%,24.59%,36.75%,28.10%
BLDR,"Builders FirstSource, Inc.",124.42,Industrials,Building Products & Equipment,13.76B,1.68M,0.86,4.58%,-57.0%,-6.9%,Yes,Yes,-24.33%,92,79,63,24,10,3.63%,9.84%,11.80%,14.10%,-5.89%,-22.17%
BLK,"BlackRock, Inc.",1056.38,Financial Services,Asset Management,163.90B,1.13M,1.63,2.49%,-32.5%,23.4%,No,No,-12.99%,14,27,28,24,45,0.15%,-5.65%,-2.90%,-0.74%,-5.19%,7.09%
BMY,Bristol-Myers Squibb Company,61.99,Healthcare,Drug Manufacturers - General,126.20B,14.13M,1.11,2.25%,1409.7%,1.3%,Yes,Yes,-0.08%,94,77,91,87,53,4.15%,10.91%,10.89%,34.51%,38.38%,13.41%
BR,"Broadridge Financial Solutions, Inc.",181.91,Technology,Information Technology Services,21.24B,1.64M,1.8,2.98%,99.9%,7.8%,No,No,-32.55%,10,7,10,4,10,-6.01%,-8.28%,-18.39%,-16.01%,-31.04%,-23.01%
BRK-B,Berkshire Hathaway Inc.,508.09,Financial Services,Insurance - Diversified,1096.12B,3.65M,0.77,1.43%,17.3%,2.1%,Yes,Yes,-6.27%,63,38,36,50,44,0.83%,4.27%,1.66%,3.03%,9.17%,6.47%
BRO,"Brown & Brown, Inc.",73.78,Financial Services,Insurance Brokers,25.19B,1.77M,0.63,2.64%,25.7%,36.1%,No,No,-40.86%,58,19,22,10,7,1.53%,3.72%,-8.24%,-3.23%,-20.75%,-31.04%
BSX,Boston Scientific Corporation,76.27,Healthcare,Medical Devices,113.11B,29.20M,1.96,3.10%,18.7%,15.9%,No,No,-30.35%,1,5,5,6,8,-1.76%,-16.98%,-22.47%,-23.00%,-26.05%,-27.38%
BX,Blackstone Inc.,129.69,Financial Services,Asset Management,159.47B,11.61M,2.5,3.55%,44.2%,50.6%,No,No,-31.17%,10,9,14,8,10,2.25%,-8.20%,-16.49%,-9.58%,-22.54%,-23.41%
BXP,"BXP, Inc.",64.72,Real Estate,REIT - Office,11.45B,2.94M,1.6,2.65%,0.0%,8.3%,No,No,-16.81%,51,26,17,40,29,2.45%,2.63%,-3.48%,-6.73%,4.34%,-6.16%
C,Citigroup Inc.,122.69,Financial Services,Banks - Diversified,219.53B,13.57M,0.97,2.79%,-13.5%,3.7%,Yes,Yes,-0.68%,75,41,79,84,87,6.00%,5.56%,2.26%,22.29%,33.79%,52.90%
CAG,"Conagra Brands, Inc.",19.35,Consumer Defensive,Packaged Foods,9.26B,11.09M,0.89,2.84%,0.0%,-6.8%,Yes,Yes,-27.05%,73,92,71,41,15,-1.02%,5.28%,19.01%,18.15%,4.61%,-16.81%
CAH,"Cardinal Health, Inc.",226.32,Healthcare,Medical Distribution,53.77B,1.89M,1.12,2.57%,16.8%,18.8%,Yes,Yes,-1.95%,55,79,64,91,94,-0.38%,3.38%,11.77%,14.59%,44.61%,80.37%
CARR,Carrier Global Corporation,63.92,Industrials,Building Products & Equipment,53.83B,10.66M,1.35,2.77%,-97.9%,-6.0%,Yes,Yes,-20.53%,79,92,60,28,36,1.30%,5.90%,19.19%,13.48%,-2.41%,-0.57%
CAT,Caterpillar Inc.,726.2,Industrials,Farm & Heavy Construction Machinery,340.21B,3.34M,1.27,3.32%,-13.9%,18.0%,Yes,Yes,-0.16%,71,92,85,96,95,7.06%,5.11%,19.69%,27.75%,75.26%,101.45%
CB,Chubb Limited,330.97,Financial Services,Insurance - Property & Casualty,130.25B,1.53M,0.99,1.91%,24.7%,3.9%,Yes,Yes,-1.30%,81,55,68,72,65,-0.09%,6.34%,5.74%,16.93%,22.02%,22.08%
CBOE,"Cboe Global Markets, Inc.",273.36,Financial Services,Financial Data & Stock Exchanges,28.61B,1.62M,1.96,2.53%,37.7%,8.1%,Yes,Yes,-2.14%,57,52,47,48,77,-0.70%,3.58%,4.92%,8.20%,8.23%,32.83%
CBRE,"CBRE Group, Inc.",169.67,Real Estate,Real Estate Services,50.49B,0.94M,0.78,2.31%,61.3%,13.5%,Yes,Yes,-1.95%,35,41,59,50,59,2.10%,0.18%,2.24%,13.12%,9.18%,17.35%
CCEP,Coca-Cola Europacific Partners PLC,97.56,Consumer Defensive,Beverages - Non-Alcoholic,43.76B,1.84M,1.24,1.83%,14.6%,4.5%,Yes,Yes,-1.55%,78,76,57,41,69,1.71%,5.81%,10.69%,11.58%,4.59%,24.99%
CCI,Crown Castle Inc.,80.88,Real Estate,REIT - Specialty,35.22B,5.86M,1.8,2.75%,0.0%,-35.1%,No,No,-28.51%,16,25,17,10,30,3.20%,-4.80%,-4.31%,-6.80%,-20.81%,-5.75%
CCL,Carnival Corporation & plc,33.99,Consumer Cyclical,Travel Services,46.98B,27.29M,1.45,3.78%,39.3%,6.6%,Yes,Yes,-0.12%,68,62,87,69,67,8.08%,4.75%,7.26%,28.90%,19.81%,23.87%
CDNS,"Cadence Design Systems, Inc.",283.52,Technology,Software - Application,77.26B,2.79M,1.34,3.60%,20.6%,10.1%,No,No,-24.69%,24,16,11,11,29,4.95%,-1.96%,-11.07%,-12.62%,-19.47%,-6.40%
CDW,CDW Corporation,142.62,Technology,Information Technology Services,18.69B,1.67M,1.06,2.77%,5.8%,6.3%,Yes,No,-29.38%,96,64,32,16,8,1.31%,12.45%,7.61%,1.20%,-11.74%,-27.56%
CEG,Constellation Energy Corporation,261.42,Utilities,Utilities - Independent Power Producers,94.71B,6.28M,1.71,4.12%,-22.5%,0.3%,No,No,-36.58%,19,6,4,8,16,5.81%,-3.49%,-18.95%,-25.50%,-21.96%,-15.69%
CF,"CF Industries Holdings, Inc.",92.64,Basic Materials,Agricultural Inputs,15.01B,2.00M,0.89,3.41%,27.9%,21.1%,Yes,Yes,-10.25%,54,83,63,62,52,1.45%,3.12%,13.91%,14.42%,15.86%,12.78%
CFG,"Citizens Financial Group, Inc.",68.12,Financial Services,Banks - Regional,29.26B,4.29M,0.84,2.36%,31.7%,10.7%,Yes,Yes,-0.35%,78,80,92,91,84,2.25%,5.76%,12.03%,34.77%,46.40%,46.13%
CHD,"Church & Dwight Co., Inc.",100.53,Consumer Defensive,Household & Personal Products,24.49B,1.29M,0.51,2.22%,-24.2%,3.9%,Yes,Yes,-12.82%,55,90,68,54,33,-0.07%,3.28%,17.09%,17.02%,11.31%,-3.41%
CHRW,"C.H. Robinson Worldwide, Inc.",200.59,Industrials,Integrated Freight & Logistics,23.70B,2.45M,1.25,2.72%,-8.7%,-6.5%,Yes,Yes,-1.35%,38,94,92,96,96,1.60%,1.05%,20.83%,35.87%,73.30%,112.12%
CHTR,"Charter Communications, Inc.",231.14,Communication Services,Telecom Services,29.91B,3.23M,1.49,4.21%,-9.1%,-2.3%,Yes,No,-47.11%,88,75,43,19,5,3.40%,8.21%,10.22%,6.10%,-9.91%,-34.58%
CI,The Cigna Group,292.05,Healthcare,Healthcare Plans,78.01B,2.83M,1.73,2.80%,-13.3%,10.4%,Yes,No,-15.26%,86,44,63,46,41,2.64%,7.55%,2.87%,14.55%,7.37%,3.77%
CINF,Cincinnati Financial Corporation,172.65,Financial Services,Insurance - Property & Casualty,27.00B,0.57M,0.93,1.88%,36.8%,12.2%,Yes,Yes,-0.93%,81,51,46,62,72,0.67%,6.26%,4.52%,7.54%,16.25%,28.08%
CL,Colgate-Palmolive Company,94.41,Consumer Defensive,Household & Personal Products,76.30B,4.52M,0.65,2.03%,0.0%,5.8%,Yes,Yes,-3.44%,51,90,80,57,52,-0.50%,2.74%,17.46%,22.93%,12.91%,12.90%
CLX,The Clorox Company,119.36,Consumer Defensive,Household & Personal Products,14.56B,1.66M,0.72,2.61%,-18.7%,-0.8%,Yes,Yes,-21.87%,73,87,60,29,15,1.49%,5.36%,15.76%,13.55%,-1.35%,-15.82%
CMCSA,Comcast Corporation,31.37,Communication Services,Telecom Services,114.31B,29.75M,0.86,2.86%,-54.6%,1.2%,Yes,Yes,-8.24%,79,80,81,47,38,1.69%,6.02%,12.51%,24.00%,8.06%,1.10%
CME,CME Group Inc.,302.27,Financial Services,Financial Data & Stock Exchanges,108.67B,2.92M,1.48,1.99%,35.3%,8.9%,Yes,Yes,-0.17%,61,82,58,47,70,1.64%,3.96%,13.36%,11.88%,8.12%,26.03%
CMG,"Chipotle Mexican Grill, Inc.",39.39,Consumer Cyclical,Restaurants,52.08B,15.29M,0.9,3.36%,-0.3%,4.9%,Yes,No,-33.34%,49,37,87,25,7,2.44%,2.29%,0.54%,28.89%,-4.95%,-31.28%
CMI,Cummins Inc.,577.73,Industrials,Specialty Industrial Machinery,79.81B,2.33M,2.58,2.82%,41.9%,1.1%,Yes,Yes,-6.51%,21,57,83,92,90,6.86%,-2.92%,6.10%,25.37%,50.68%,59.63%
CMS,CMS Energy Corporation,72.84,Utilities,Utilities - Regulated Electric,22.17B,2.53M,0.9,1.75%,9.1%,12.3%,Yes,Yes,-3.57%,55,49,32,32,48,-0.03%,3.25%,4.28%,1.44%,-0.12%,9.86%
CNC,Centene Corporation,38.46,Healthcare,Healthcare Plans,18.90B,14.48M,2.24,4.00%,0.0%,21.5%,No,No,-41.75%,7,8,38,91,5,-3.66%,-10.14%,-18.03%,3.67%,50.29%,-34.40%
CNP,"CenterPoint Energy, Inc.",40.05,Utilities,Utilities - Regulated Electric,26.15B,4.87M,1.04,1.63%,51.8%,7.1%,Yes,Yes,-1.84%,42,54,37,40,70,-0.42%,1.70%,5.39%,3.29%,4.31%,26.43%
COF,Capital One Financial Corporation,222.79,Financial Services,Credit Services,141.64B,3.35M,0.62,3.01%,94.7%,51.6%,No,Yes,-14.19%,32,14,37,46,47,2.70%,-0.40%,-12.86%,3.12%,7.69%,9.19%
COIN,"Coinbase Global, Inc.",165.12,Financial Services,Financial Data & Stock Exchanges,44.53B,19.55M,1.93,5.08%,473.0%,58.9%,No,No,-62.87%,5,0,0,1,3,13.00%,-12.10%,-32.77%,-44.07%,-46.83%,-38.93%
COO,"The Cooper Companies, Inc.",82.1,Healthcare,Medical Instruments & Supplies,16.32B,1.46M,0.74,2.12%,-28.0%,4.6%,Yes,Yes,-15.17%,43,31,73,64,18,2.50%,1.80%,-1.24%,18.99%,16.80%,-13.84%
COP,ConocoPhillips,107.62,Energy,Oil & Gas E&P,132.99B,6.74M,0.8,2.74%,-37.5%,-3.3%,Yes,Yes,-0.76%,77,70,84,64,50,2.51%,5.73%,9.02%,26.80%,16.62%,11.41%
COR,"Cencora, Inc.",359.25,Healthcare,Medical Distribution,69.89B,0.95M,0.81,2.74%,14.5%,5.5%,Yes,Yes,-4.84%,27,60,29,76,85,2.01%,-1.19%,7.00%,-0.11%,26.44%,47.09%
COST,Costco Wholesale Corporation,1001.16,Consumer Defensive,Discount Stores,444.47B,2.08M,0.81,1.93%,11.3%,8.3%,Yes,Yes,-6.64%,55,72,49,36,32,1.20%,3.39%,9.53%,8.55%,2.34%,-4.11%
CPAY,"Corpay, Inc.",354.19,Technology,Software - Infrastructure,25.01B,0.73M,1.25,3.16%,7.5%,20.7%,Yes,Yes,-11.63%,98,60,84,64,24,5.73%,16.18%,6.87%,27.41%,17.40%,-9.08%
CPB,The Campbell's Company,28.83,Consumer Defensive,Packaged Foods,8.60B,4.23M,0.61,2.64%,-11.0%,-3.4%,Yes,No,-30.92%,68,70,23,20,12,0.42%,4.72%,8.96%,-2.65%,-8.68%,-19.18%
CPRT,"Copart, Inc.",40.36,Industrials,Specialty Business Services,39.07B,7.78M,1.0,2.13%,11.5%,0.7%,Yes,No,-36.79%,42,46,31,15,6,1.20%,1.71%,3.38%,0.95%,-12.62%,-31.81%
CPT,Camden Property Trust,106.63,Real Estate,REIT - Residential,11.39B,1.78M,1.37,2.25%,0.0%,2.1%,No,No,-12.49%,31,25,48,38,30,0.06%,-0.62%,-4.26%,8.47%,3.08%,-5.91%
CRH,CRH plc,127.13,Basic Materials,Building Materials,84.96B,2.50M,0.56,2.51%,9.2%,5.3%,Yes,Yes,-3.36%,46,39,54,62,64,4.40%,2.03%,1.99%,10.76%,16.31%,21.81%
CRL,"Charles River Laboratories International, Inc.",189.21,Healthcare,Diagnostics & Research,9.31B,0.86M,1.3,4.04%,-21.9%,-0.5%,No,Yes,-17.33%,5,14,54,77,54,3.00%,-11.26%,-12.20%,10.73%,27.21%,13.80%
CRM,"Salesforce, Inc.",191.35,Technology,Software - Application,182.17B,12.57M,1.28,3.63%,36.6%,8.6%,No,No,-42.93%,9,3,7,10,2,0.73%,-9.23%,-26.55%,-19.90%,-20.17%,-41.78%
CRWD,"CrowdStrike Holdings, Inc.",395.5,Technology,Software - Infrastructure,99.70B,4.92M,1.76,4.05%,0.0%,22.2%,No,No,-30.23%,8,11,3,22,30,4.86%,-9.88%,-14.74%,-25.73%,-6.83%,-5.95%
CSCO,"Cisco Systems, Inc.",84.82,Technology,Communication Equipment,335.13B,21.89M,1.11,2.20%,5.5%,7.5%,Yes,Yes,-0.16%,72,85,75,68,80,2.99%,5.18%,14.68%,20.04%,19.50%,39.52%
CSGP,"CoStar Group, Inc.",50.28,Real Estate,Real Estate Services,21.31B,6.60M,0.99,5.11%,0.0%,20.4%,No,No,-48.39%,1,7,4,1,4,-1.39%,-17.82%,-18.06%,-25.36%,-46.79%,-35.70%
CSX,CSX Corporation,40.61,Industrials,Railroads,75.71B,13.55M,0.97,2.07%,-1.8%,-0.9%,Yes,Yes,-0.25%,78,86,67,61,70,1.86%,5.78%,14.98%,15.93%,15.50%,26.02%
CTAS,Cintas Corporation,195.87,Industrials,Specialty Business Services,78.71B,1.40M,0.84,1.76%,10.4%,9.3%,Yes,No,-14.18%,50,45,43,15,33,0.91%,2.60%,2.95%,6.19%,-13.05%,-3.34%
CTRA,Coterra Energy Inc.,30.66,Energy,Oil & Gas E&P,23.34B,8.32M,0.69,3.51%,27.8%,34.9%,Yes,Yes,-0.90%,93,93,69,81,56,1.15%,10.25%,20.66%,17.26%,29.91%,15.87%
CTSH,Cognizant Technology Solutions Corporation,77.08,Technology,Information Technology Services,37.20B,4.15M,0.87,2.95%,18.7%,4.9%,No,Yes,-13.76%,12,17,43,55,23,0.31%,-7.03%,-10.13%,6.30%,11.76%,-10.06%
CTVA,"Corteva, Inc.",72.6,Basic Materials,Agricultural Inputs,49.06B,3.46M,0.95,2.10%,0.0%,-1.7%,Yes,Yes,-5.73%,29,47,66,37,59,0.18%,-0.82%,3.51%,15.27%,2.91%,17.62%
CVNA,Carvana Co.,403.67,Consumer Cyclical,Auto & Truck Dealerships,87.52B,3.31M,0.95,6.60%,77.6%,54.5%,No,Yes,-17.09%,28,19,94,62,87,5.21%,-1.03%,-8.79%,39.13%,16.14%,53.39%
CVS,CVS Health Corporation,78.35,Healthcare,Healthcare Plans,99.46B,7.05M,0.79,3.04%,0.0%,7.8%,Yes,Yes,-7.23%,60,29,30,71,86,2.65%,3.88%,-1.99%,0.43%,21.51%,49.96%
CVX,Chevron Corporation,180.86,Energy,Oil & Gas Integrated,361.60B,8.53M,0.72,1.80%,-14.5%,-6.0%,Yes,Yes,-0.95%,61,82,74,67,68,0.91%,3.92%,13.57%,19.58%,19.29%,24.58%
D,"Dominion Energy, Inc.",62.33,Utilities,Utilities - Regulated Electric,53.22B,3.64M,0.65,1.99%,7.7%,14.9%,Yes,Yes,-1.73%,59,65,39,38,62,-0.30%,3.83%,7.84%,4.19%,3.15%,20.08%
DAL,"Delta Air Lines, Inc.",75.35,Industrials,Airlines,49.20B,13.25M,1.73,3.51%,44.6%,2.9%,Yes,Yes,-0.41%,90,55,88,89,52,7.98%,9.08%,5.70%,30.34%,40.90%,12.27%
DASH,"DoorDash, Inc.",182.47,Consumer Cyclical,Internet Retail,78.64B,7.05M,1.8,3.88%,50.6%,27.3%,No,No,-36.09%,4,7,16,4,27,-0.76%,-12.13%,-18.58%,-7.12%,-29.60%,-7.12%
DD,"DuPont de Nemours, Inc.",46.73,Basic Materials,Specialty Chemicals,19.58B,2.94M,0.65,2.51%,0.0%,7.3%,Yes,Yes,-2.71%,72,64,75,94,85,2.30%,5.18%,7.67%,19.97%,60.14%,47.26%
DDOG,"Datadog, Inc.",111.69,Technology,Software - Application,39.17B,7.02M,1.32,4.94%,-34.5%,28.4%,No,No,-44.62%,4,12,0,14,10,4.65%,-13.45%,-14.53%,-41.47%,-14.68%,-22.89%
DE,Deere & Company,583.11,Industrials,Farm & Heavy Construction Machinery,158.07B,1.24M,0.92,2.47%,-14.5%,12.6%,Yes,Yes,-0.16%,92,88,80,60,71,3.07%,9.56%,16.44%,23.09%,15.05%,27.12%
DECK,Deckers Outdoor Corporation,115.45,Consumer Cyclical,Footwear & Accessories,16.83B,1.50M,0.49,3.92%,5.3%,7.1%,Yes,Yes,-35.01%,31,64,96,58,6,3.85%,-0.69%,7.54%,44.66%,13.54%,-32.95%
DELL,Dell Technologies Inc.,121.05,Technology,Computer Hardware,81.13B,7.15M,1.04,3.93%,31.7%,10.8%,No,No,-27.67%,41,43,8,17,57,4.91%,1.59%,2.60%,-18.50%,-11.33%,16.41%
DG,Dollar General Corporation,146.65,Consumer Defensive,Discount Stores,32.28B,1.42M,0.47,2.95%,43.8%,4.6%,Yes,Yes,-5.23%,48,39,97,78,96,1.21%,2.19%,1.84%,53.51%,27.38%,106.42%
DGX,Quest Diagnostics Incorporated,190.71,Healthcare,Diagnostics & Research,21.33B,0.87M,0.92,2.09%,8.4%,13.2%,Yes,Yes,-3.02%,53,65,48,49,61,-0.83%,3.09%,7.79%,8.54%,8.74%,19.44%
DHI,"D.R. Horton, Inc.",156.27,Consumer Cyclical,Residential Construction,45.49B,4.55M,1.39,3.70%,-29.6%,-9.5%,Yes,Yes,-14.82%,68,63,48,32,57,-1.18%,4.64%,7.41%,8.25%,0.45%,16.46%
DHR,Danaher Corporation,216.61,Healthcare,Diagnostics & Research,153.12B,3.76M,1.07,2.67%,10.2%,4.6%,No,Yes,-10.79%,20,20,36,48,41,0.40%,-3.05%,-7.83%,2.96%,8.34%,3.79%
DIS,The Walt Disney Company,108.7,Communication Services,Entertainment,192.77B,10.20M,0.9,2.38%,-6.0%,5.2%,No,No,-12.23%,63,24,27,27,34,3.55%,4.07%,-4.79%,-0.95%,-2.66%,-1.95%
DLR,"Digital Realty Trust, Inc.",171.62,Real Estate,REIT - Specialty,60.02B,2.96M,1.56,2.64%,32.5%,11.1%,Yes,Yes,-5.20%,61,80,36,36,42,4.23%,3.94%,12.22%,2.76%,2.54%,5.23%
DLTR,"Dollar Tree, Inc.",123.83,Consumer Defensive,Discount Stores,25.26B,3.06M,1.04,3.43%,4.8%,9.4%,No,Yes,-13.04%,76,21,78,45,92,3.54%,5.64%,-5.91%,21.44%,6.64%,66.17%
DOC,"Healthpeak Properties, Inc.",16.85,Real Estate,REIT - Healthcare Facilities,11.71B,7.01M,0.73,2.59%,2406.4%,3.1%,No,No,-16.12%,32,33,23,37,24,1.02%,-0.41%,-0.54%,-2.31%,2.88%,-9.91%
DOV,Dover Corporation,223.66,Industrials,Specialty Industrial Machinery,30.68B,1.00M,0.8,2.11%,-80.4%,8.8%,Yes,Yes,-0.17%,87,76,83,80,49,2.81%,7.88%,10.73%,25.60%,29.63%,10.51%
DOW,Dow Inc.,31.78,Basic Materials,Chemicals,22.80B,7.57M,0.6,4.27%,0.0%,-9.1%,Yes,Yes,-14.80%,92,95,96,93,19,3.86%,10.04%,22.61%,45.15%,54.19%,-11.90%
DPZ,"Domino's Pizza, Inc.",394.88,Consumer Cyclical,Restaurants,13.41B,0.74M,1.09,2.60%,21.5%,3.1%,No,No,-19.94%,18,27,26,19,17,0.37%,-3.50%,-2.88%,-1.24%,-9.55%,-14.74%
DRI,"Darden Restaurants, Inc.",216.27,Consumer Cyclical,Restaurants,25.16B,1.19M,0.75,2.81%,10.3%,7.3%,Yes,Yes,-3.10%,86,64,79,49,50,1.27%,7.65%,7.60%,22.74%,8.74%,11.15%
DTE,DTE Energy Company,134.82,Utilities,Utilities - Regulated Electric,28.00B,1.29M,0.84,1.73%,-12.2%,21.4%,Yes,Yes,-5.39%,40,48,33,28,54,-0.97%,1.42%,4.00%,1.46%,-2.23%,13.72%
DUK,Duke Energy Corporation,121.86,Utilities,Utilities - Regulated Electric,94.77B,4.41M,1.19,1.52%,10.9%,4.8%,Yes,Yes,-5.47%,45,48,27,30,48,-1.26%,1.98%,3.87%,-0.87%,-1.07%,10.26%
DVA,DaVita Inc.,140.83,Healthcare,Medical Care Facilities,9.41B,1.98M,1.68,3.99%,-9.7%,9.9%,Yes,Yes,-21.05%,99,97,67,49,13,-5.62%,26.66%,25.08%,15.88%,8.75%,-18.16%
DVN,Devon Energy Corporation,43.81,Energy,Oil & Gas E&P,27.48B,9.91M,0.94,3.22%,-15.4%,7.1%,Yes,Yes,-0.43%,90,95,93,84,78,1.48%,9.14%,21.39%,35.96%,33.41%,34.74%
DXCM,"DexCom, Inc.",69.97,Healthcare,Medical Devices,27.44B,3.53M,0.68,3.59%,110.8%,21.6%,Yes,No,-24.97%,18,41,76,17,11,0.11%,-3.53%,2.25%,20.60%,-11.27%,-20.78%
EA,Electronic Arts Inc.,200.0,Communication Services,Electronic Gaming & Multimedia,50.05B,3.25M,1.37,0.51%,-70.0%,1.0%,No,Yes,-2.39%,25,29,29,68,87,1.05%,-1.77%,-2.07%,-0.10%,19.55%,52.24%
EBAY,eBay Inc.,86.55,Consumer Cyclical,Internet Retail,39.55B,5.95M,1.37,3.23%,-0.3%,9.5%,No,Yes,-14.11%,11,24,45,23,74,0.03%,-7.71%,-4.76%,7.43%,-6.46%,30.18%
ECL,Ecolab Inc.,290.33,Basic Materials,Specialty Chemicals,82.34B,1.16M,1.05,1.63%,0.0%,17.8%,Yes,Yes,-0.26%,49,59,65,45,59,1.09%,2.36%,6.84%,15.05%,6.95%,17.31%
ED,"Consolidated Edison, Inc.",107.34,Utilities,Utilities - Regulated Electric,38.74B,2.01M,1.12,2.01%,17.0%,10.7%,Yes,Yes,-4.19%,44,61,57,41,57,-1.41%,1.82%,7.15%,11.59%,4.45%,16.37%
EFX,Equifax Inc.,195.62,Industrials,Consulting Services,23.94B,2.77M,1.49,3.69%,1.0%,9.2%,No,No,-29.95%,25,16,21,11,12,2.41%,-1.78%,-10.28%,-3.97%,-18.07%,-20.33%
EG,"Everest Group, Ltd.",328.39,Financial Services,Insurance - Reinsurance,13.79B,0.33M,0.97,2.35%,0.0%,-3.0%,Yes,No,-10.83%,28,28,35,31,35,0.77%,-1.02%,-2.87%,2.75%,-0.43%,-1.23%
EIX,Edison International,64.01,Utilities,Utilities - Regulated Electric,24.63B,1.68M,0.57,2.21%,61.2%,10.6%,Yes,Yes,-1.03%,73,63,64,73,77,0.47%,5.37%,7.38%,14.84%,22.65%,33.01%
EL,The Est√©e Lauder Companies Inc.,99.47,Consumer Defensive,Household & Personal Products,35.85B,7.98M,2.07,3.85%,0.0%,5.6%,No,Yes,-18.23%,2,17,61,53,89,2.91%,-16.24%,-9.79%,13.74%,10.51%,57.52%
ELV,"Elevance Health, Inc.",338.98,Healthcare,Healthcare Plans,76.33B,1.36M,0.85,3.42%,30.9%,9.5%,No,No,-24.99%,29,17,48,63,20,2.03%,-0.83%,-9.55%,8.36%,16.53%,-11.51%
EME,"EMCOR Group, Inc.",764.35,Industrials,Engineering & Construction,34.22B,0.37M,1.14,3.35%,9.3%,16.4%,Yes,Yes,-1.78%,66,95,68,74,91,6.50%,4.47%,21.73%,16.99%,23.76%,63.95%
EMR,Emerson Electric Co.,157.38,Industrials,Specialty Industrial Machinery,88.50B,2.88M,0.9,2.39%,3.4%,4.1%,Yes,Yes,-1.72%,79,71,76,68,69,4.27%,5.89%,9.41%,20.21%,19.55%,25.56%
EOG,"EOG Resources, Inc.",113.7,Energy,Oil & Gas E&P,62.08B,2.06M,0.48,2.72%,-12.1%,-2.4%,Yes,Yes,-13.22%,70,69,51,31,27,1.08%,4.88%,8.73%,9.32%,-0.34%,-6.92%
EPAM,"EPAM Systems, Inc.",186.68,Technology,Information Technology Services,10.40B,0.71M,0.96,4.34%,-21.7%,19.4%,No,Yes,-30.60%,5,10,55,65,8,5.19%,-11.28%,-15.06%,11.12%,18.15%,-29.36%
EQIX,"Equinix, Inc.",848.12,Real Estate,REIT - Specialty,83.27B,0.59M,1.18,2.55%,25.9%,6.6%,Yes,Yes,-9.00%,68,68,39,53,27,5.02%,4.66%,8.47%,4.14%,10.60%,-7.54%
EQR,Equity Residential,63.89,Real Estate,REIT - Residential,25.14B,3.21M,1.38,2.24%,101.5%,4.6%,Yes,Yes,-12.20%,58,38,53,38,26,3.43%,3.70%,1.62%,10.05%,3.31%,-7.65%
EQT,EQT Corporation,56.79,Energy,Oil & Gas E&P,35.44B,4.11M,0.4,3.37%,0.0%,51.4%,Yes,Yes,-8.74%,58,69,31,53,51,2.64%,3.73%,8.79%,0.91%,11.05%,11.75%
ERIE,Erie Indemnity Company,287.71,Financial Services,Insurance Brokers,15.04B,0.18M,1.09,2.74%,14.4%,6.7%,Yes,No,-35.96%,46,37,35,11,8,0.73%,2.05%,0.82%,2.71%,-18.71%,-29.12%
ES,Eversource Energy,67.36,Utilities,Utilities - Regulated Electric,25.27B,2.33M,1.02,2.28%,0.0%,5.1%,No,Yes,-9.48%,30,34,19,44,62,-0.55%,-0.81%,-0.38%,-4.79%,5.92%,19.76%
ESS,"Essex Property Trust, Inc.",258.06,Real Estate,REIT - Residential,17.83B,0.74M,1.29,2.06%,-68.7%,2.4%,Yes,No,-15.33%,59,36,33,39,23,2.61%,3.86%,0.43%,1.70%,3.37%,-10.16%
ETN,Eaton Corporation plc,373.82,Industrials,Specialty Industrial Machinery,145.53B,3.00M,1.01,3.08%,16.6%,13.1%,Yes,Yes,-6.17%,62,89,27,37,61,5.40%,4.00%,16.61%,-0.95%,3.03%,19.55%
ETR,Entergy Corporation,97.96,Utilities,Utilities - Regulated Electric,43.75B,2.00M,0.86,1.91%,7.6%,12.5%,Yes,Yes,-0.60%,50,63,37,52,64,1.10%,2.59%,7.42%,3.04%,9.73%,21.66%
EVRG,"Evergy, Inc.",76.75,Utilities,Utilities - Regulated Electric,17.67B,1.85M,0.92,1.66%,2.0%,-0.1%,Yes,Yes,-2.34%,38,53,34,47,64,-1.06%,1.04%,5.22%,2.52%,7.95%,21.78%
EW,Edwards Lifesciences Corporation,78.71,Healthcare,Medical Devices,46.21B,5.56M,1.57,2.41%,-90.5%,14.7%,No,No,-10.44%,16,20,19,33,49,0.78%,-4.77%,-6.94%,-4.52%,0.46%,10.87%
EXC,Exelon Corporation,44.33,Utilities,Utilities - Regulated Electric,44.77B,6.75M,0.97,1.85%,23.8%,9.0%,Yes,Yes,-7.82%,38,40,24,31,51,0.61%,0.96%,2.03%,-2.17%,-0.45%,11.73%
EXE,Expand Energy Corporation,110.37,Energy,Oil & Gas E&P,26.29B,1.69M,0.56,3.04%,0.0%,319.3%,No,Yes,-12.83%,54,55,29,59,47,0.91%,3.21%,5.82%,0.26%,13.59%,9.61%
EXPD,"Expeditors International of Washington, Inc.",165.04,Industrials,Integrated Freight & Logistics,22.40B,1.33M,1.01,1.82%,-3.2%,-3.5%,Yes,Yes,-1.29%,38,50,81,90,86,0.77%,0.91%,4.36%,23.32%,41.66%,50.88%
EXPE,"Expedia Group, Inc.",236.85,Consumer Cyclical,Travel Services,29.30B,2.95M,1.56,4.44%,40.2%,8.7%,No,Yes,-22.04%,3,5,47,72,80,2.40%,-14.39%,-21.39%,7.99%,21.73%,38.36%
EXR,Extra Space Storage Inc.,140.01,Real Estate,REIT - Industrial,31.03B,1.06M,0.81,2.35%,-14.1%,3.4%,Yes,Yes,-9.99%,56,43,47,42,29,1.06%,3.56%,2.68%,8.13%,5.09%,-6.12%
F,Ford Motor Company,13.8,Consumer Cyclical,Auto Manufacturers,54.99B,48.52M,0.84,1.98%,174.3%,9.4%,Yes,Yes,-4.83%,34,25,43,75,90,0.58%,-0.07%,-4.17%,6.40%,24.97%,60.07%
FANG,"Diamondback Energy, Inc.",166.93,Energy,Oil & Gas E&P,48.32B,2.00M,1.05,2.90%,54.5%,42.0%,Yes,Yes,-1.51%,73,82,74,67,45,1.30%,5.23%,13.05%,19.40%,19.19%,7.27%
FAST,Fastenal Company,47.73,Industrials,Industrial Distribution,54.80B,6.27M,0.69,2.75%,12.2%,11.1%,Yes,Yes,-4.71%,82,85,69,33,75,0.85%,6.54%,14.82%,17.72%,0.53%,30.56%
FCX,Freeport-McMoRan Inc.,60.67,Basic Materials,Copper,87.12B,20.08M,0.89,4.16%,48.2%,-1.5%,Yes,Yes,-12.63%,33,80,97,91,91,2.45%,-0.15%,12.17%,57.36%,45.78%,65.58%
FDS,FactSet Research Systems Inc.,207.32,Financial Services,Financial Data & Stock Exchanges,7.76B,1.13M,1.54,4.66%,1.7%,6.8%,No,No,-55.93%,2,2,9,1,1,-0.89%,-16.66%,-29.52%,-17.93%,-45.41%,-55.31%
FDX,FedEx Corporation,369.23,Industrials,Integrated Freight & Logistics,87.12B,1.81M,0.97,2.47%,-10.7%,13.9%,Yes,Yes,-0.44%,93,92,96,94,84,1.45%,10.12%,19.49%,43.37%,63.78%,46.06%
FE,FirstEnergy Corp.,46.63,Utilities,Utilities - Regulated Electric,26.94B,2.71M,0.61,1.80%,5.3%,11.2%,Yes,Yes,-2.73%,30,50,35,50,63,-0.77%,-0.77%,4.34%,2.65%,8.85%,21.07%
FER,Ferrovial SE,71.23,Industrials,Engineering & Construction,51.07B,1.23M,0.93,1.63%,30.4%,4.7%,Yes,Yes,-0.23%,64,54,56,87,92,3.62%,4.32%,5.59%,11.53%,37.05%,69.52%
FFIV,"F5, Inc.",276.57,Technology,Software - Infrastructure,16.07B,0.50M,0.46,3.36%,8.2%,7.3%,Yes,No,-20.07%,26,43,56,14,23,1.98%,-1.48%,2.66%,11.48%,-14.05%,-10.04%
FICO,Fair Isaac Corporation,1391.0,Technology,Software - Application,33.00B,0.25M,0.83,3.98%,3.8%,16.4%,No,No,-37.27%,17,14,9,43,9,2.48%,-4.13%,-12.27%,-16.95%,5.31%,-26.30%
FIS,"Fidelity National Information Services, Inc.",51.93,Technology,Information Technology Services,27.13B,7.74M,2.02,3.33%,17.9%,5.7%,No,No,-36.75%,12,4,7,6,4,2.18%,-7.40%,-23.11%,-19.22%,-26.15%,-35.90%
FISV,"Fiserv, Inc.",60.0,N/A,N/A,32.62B,9.12M,1.04,2.92%,0.0%,0.0%,No,No,-74.85%,16,12,17,0,0,2.67%,-4.67%,-13.67%,-6.25%,-54.79%,-73.86%
FITB,Fifth Third Bancorp,55.08,Financial Services,Banks - Regional,49.57B,11.18M,0.83,2.78%,17.9%,11.5%,Yes,Yes,-0.51%,80,76,88,85,73,2.40%,6.03%,10.56%,30.58%,34.59%,28.87%
FIX,"Comfort Systems USA, Inc.",1230.26,Industrials,Engineering & Construction,43.41B,0.23M,0.63,4.68%,99.4%,35.2%,Yes,Yes,0.00%,67,97,86,96,97,7.17%,4.59%,26.64%,28.53%,78.08%,162.82%
FOX,Fox Corporation,58.35,Communication Services,Entertainment,27.24B,1.75M,1.28,2.23%,-38.6%,2.0%,No,Yes,-14.41%,7,13,24,67,58,-1.35%,-10.62%,-13.62%,-1.67%,19.22%,16.82%
FOXA,Fox Corporation,64.78,Communication Services,Entertainment,27.56B,4.69M,1.44,2.34%,-38.6%,2.0%,No,Yes,-15.20%,7,12,24,69,66,-1.73%,-10.50%,-14.41%,-1.42%,20.47%,22.83%
FRT,Federal Realty Investment Trust,105.76,Real Estate,REIT - Retail,9.18B,0.76M,1.04,1.66%,1.1%,6.0%,Yes,Yes,-1.02%,74,44,56,66,37,0.87%,5.41%,2.88%,11.56%,18.47%,-0.04%
FSLR,"First Solar, Inc.",218.73,Technology,Solar,23.47B,5.22M,2.29,5.14%,45.7%,79.7%,No,Yes,-23.52%,15,15,7,66,75,-6.67%,-5.13%,-11.18%,-19.58%,18.46%,30.45%
FTNT,"Fortinet, Inc.",82.76,Technology,Software - Infrastructure,63.42B,14.91M,2.31,3.05%,-12.2%,14.4%,Yes,No,-27.92%,43,56,36,54,11,4.85%,1.81%,6.03%,2.76%,11.25%,-20.97%
FTV,Fortive Corporation,60.12,Technology,Scientific & Technical Instruments,19.09B,5.83M,1.58,2.94%,-11.1%,-30.7%,Yes,Yes,-3.82%,95,69,70,79,37,-0.13%,11.96%,8.89%,17.83%,27.94%,0.37%
GD,General Dynamics Corporation,360.07,Industrials,Aerospace & Defense,97.36B,0.88M,0.63,2.18%,-0.4%,7.8%,Yes,Yes,-2.60%,61,44,43,61,83,2.28%,3.96%,2.87%,6.24%,15.60%,43.63%
GDDY,GoDaddy Inc.,97.22,Technology,Software - Infrastructure,13.46B,2.18M,1.4,3.08%,10.5%,10.3%,No,No,-54.64%,20,10,3,5,1,1.11%,-2.94%,-15.90%,-26.87%,-27.09%,-53.92%
GE,GE Aerospace,321.0,Industrials,Aerospace & Defense,338.60B,4.83M,0.88,2.86%,33.8%,17.6%,Yes,Yes,-3.54%,62,40,40,64,88,4.78%,3.98%,2.09%,5.27%,17.00%,56.67%
GEHC,GE HealthCare Technologies Inc.,80.65,Healthcare,Medical Devices,36.76B,3.46M,1.05,2.76%,-18.3%,7.1%,No,Yes,-14.77%,37,19,49,56,25,-2.02%,0.67%,-8.48%,8.78%,12.11%,-8.75%
GEN,Gen Digital Inc.,24.25,Technology,Software - Infrastructure,14.96B,12.48M,2.34,2.87%,-16.8%,25.3%,No,No,-24.08%,45,19,20,10,21,8.11%,1.93%,-8.63%,-4.27%,-19.67%,-10.97%
GEV,GE Vernova Inc.,779.35,Industrials,Specialty Industrial Machinery,211.45B,2.67M,0.87,4.86%,657.0%,3.8%,Yes,Yes,-2.03%,54,96,95,69,96,5.67%,3.23%,24.02%,41.76%,20.21%,108.41%
GILD,"Gilead Sciences, Inc.",152.5,Healthcare,Drug Manufacturers - General,189.22B,8.11M,1.18,2.97%,143.6%,3.0%,Yes,Yes,-0.41%,83,97,82,80,90,2.10%,6.73%,26.38%,24.40%,29.45%,59.90%
GIS,"General Mills, Inc.",47.87,Consumer Defensive,Packaged Foods,25.54B,5.20M,0.66,2.61%,-48.1%,-7.2%,Yes,No,-25.37%,70,75,41,29,16,-1.03%,4.93%,10.53%,5.58%,-1.36%,-15.15%
GL,Globe Life Inc.,146.51,Financial Services,Insurance - Life,11.87B,0.42M,0.83,2.00%,4.3%,3.6%,Yes,Yes,-4.06%,47,44,56,41,66,-0.30%,2.14%,2.84%,11.35%,4.65%,23.12%
GLW,Corning Incorporated,122.16,Technology,Electronic Components,104.74B,11.01M,1.47,5.25%,74.2%,20.4%,Yes,Yes,-0.32%,93,98,94,97,96,8.31%,10.69%,43.16%,39.51%,87.13%,132.03%
GM,General Motors Company,84.24,Consumer Cyclical,Auto Manufacturers,78.58B,6.41M,0.78,2.60%,0.0%,-5.1%,Yes,Yes,-3.86%,34,32,79,94,93,1.13%,-0.04%,-1.05%,22.61%,58.09%,77.58%
GNRC,Generac Holdings Inc.,183.53,Industrials,Specialty Industrial Machinery,10.77B,0.85M,0.87,4.36%,-41.8%,-5.0%,Yes,Yes,-9.70%,85,96,74,23,73,6.47%,7.35%,23.35%,19.34%,-6.48%,28.60%
GOOG,Alphabet Inc.,323.1,Communication Services,Internet Content & Information,3908.54B,33.67M,1.59,2.88%,29.8%,18.0%,Yes,Yes,-7.73%,13,32,60,94,92,-2.48%,-6.32%,-0.89%,13.31%,60.13%,67.79%
GOOGL,Alphabet Inc.,322.86,Communication Services,Internet Content & Information,3905.64B,55.63M,1.7,2.90%,29.8%,18.0%,Yes,Yes,-7.49%,13,32,60,94,92,-2.53%,-6.06%,-0.79%,13.46%,60.54%,69.17%
GPC,Genuine Parts Company,148.51,Consumer Cyclical,Auto Parts,20.66B,0.67M,0.65,2.26%,-0.2%,4.9%,Yes,Yes,-0.05%,71,90,75,57,74,1.57%,5.13%,17.19%,19.73%,13.30%,29.86%
GPN,Global Payments Inc.,72.86,Industrials,Specialty Business Services,20.40B,1.84M,0.58,3.08%,101.6%,0.5%,No,No,-34.46%,39,20,19,19,5,2.25%,1.21%,-7.41%,-4.30%,-9.51%,-33.67%
GRMN,Garmin Ltd.,202.33,Technology,Scientific & Technical Instruments,38.95B,0.58M,0.67,2.29%,0.6%,11.7%,No,No,-22.35%,23,23,28,16,28,1.83%,-2.22%,-5.21%,-0.38%,-12.23%,-6.45%
GS,"The Goldman Sachs Group, Inc.",928.75,Financial Services,Capital Markets,281.15B,2.46M,1.06,2.92%,12.3%,15.2%,Yes,Yes,-5.68%,24,33,72,81,83,4.31%,-1.86%,-0.65%,18.51%,30.10%,43.98%
GWW,"W.W. Grainger, Inc.",1197.65,Industrials,Industrial Distribution,57.29B,0.19M,0.68,2.24%,-5.1%,4.5%,Yes,Yes,-0.56%,91,87,83,77,56,1.23%,9.26%,15.90%,26.01%,26.65%,15.60%
HAL,Halliburton Company,34.98,Energy,Oil & Gas Equipment & Services,29.82B,9.34M,0.66,3.37%,-4.2%,0.8%,Yes,Yes,-1.60%,82,69,86,95,82,3.37%,6.55%,8.73%,28.80%,69.70%,41.36%
HAS,"Hasbro, Inc.",93.84,Consumer Cyclical,Leisure,13.17B,2.99M,1.79,2.30%,4.5%,8.3%,Yes,Yes,-3.66%,34,53,81,73,91,-1.67%,0.00%,5.27%,23.63%,23.30%,63.60%
HBAN,Huntington Bancshares Incorporated,19.27,Financial Services,Banks - Regional,39.11B,30.16M,0.8,2.79%,-2.1%,11.1%,Yes,Yes,-0.95%,87,49,83,72,58,1.31%,7.77%,4.33%,26.07%,21.90%,16.65%
HCA,"HCA Healthcare, Inc.",501.69,Healthcare,Medical Care Facilities,117.39B,0.78M,0.77,2.59%,30.6%,6.7%,Yes,Yes,-4.90%,38,51,44,83,88,-2.35%,0.97%,4.73%,6.59%,31.90%,55.75%
HD,"The Home Depot, Inc.",385.15,Consumer Cyclical,Home Improvement Retail,383.42B,3.08M,0.74,2.15%,-1.3%,2.8%,Yes,Yes,-9.16%,44,61,40,33,31,0.73%,1.86%,7.12%,5.03%,0.51%,-4.69%
HIG,"The Hartford Insurance Group, Inc.",142.56,Financial Services,Insurance - Diversified,39.76B,1.25M,0.89,1.83%,32.6%,6.5%,Yes,Yes,-1.34%,61,46,58,56,72,0.18%,3.93%,3.37%,11.92%,12.17%,27.75%
HII,"Huntington Ingalls Industries, Inc.",397.77,Industrials,Aerospace & Defense,15.61B,0.67M,1.1,4.02%,29.3%,15.7%,Yes,Yes,-8.80%,15,52,89,92,97,7.69%,-5.36%,5.10%,30.81%,51.68%,154.83%
HLT,Hilton Worldwide Holdings Inc.,314.38,Consumer Cyclical,Lodging,73.94B,1.46M,0.82,1.83%,22.1%,3.5%,Yes,Yes,-0.18%,59,53,72,69,58,1.83%,3.78%,5.38%,18.58%,19.99%,16.53%
HOLX,"Hologic, Inc.",74.81,Healthcare,Medical Instruments & Supplies,16.70B,3.02M,1.17,0.32%,-10.9%,2.5%,No,Yes,-0.73%,34,35,31,52,54,0.15%,0.09%,-0.09%,0.89%,9.92%,14.30%
HON,Honeywell International Inc.,238.38,Industrials,Conglomerates,160.64B,3.96M,0.87,1.84%,-77.0%,-3.3%,Yes,Yes,-0.29%,69,88,79,65,67,1.94%,4.75%,16.15%,22.41%,18.24%,23.17%
HOOD,"Robinhood Markets, Inc.",82.82,Financial Services,Capital Markets,74.47B,53.83M,2.1,5.46%,270.7%,100.0%,No,No,-46.17%,11,2,2,4,88,13.95%,-7.89%,-28.23%,-34.83%,-27.75%,55.76%
HPE,Hewlett Packard Enterprise Company,23.61,Technology,Communication Equipment,31.51B,12.03M,0.73,3.15%,-87.2%,14.4%,Yes,Yes,-10.17%,85,62,33,60,53,3.96%,7.27%,7.22%,1.50%,14.74%,13.51%
HPQ,HP Inc.,19.65,Technology,Computer Hardware,18.37B,12.86M,0.73,3.46%,-12.3%,4.2%,No,No,-41.83%,30,19,5,7,4,2.61%,-0.81%,-8.13%,-24.02%,-23.08%,-37.05%
HRL,Hormel Foods Corporation,24.93,Consumer Defensive,Packaged Foods,13.71B,2.71M,0.61,2.43%,0.0%,1.5%,Yes,No,-18.99%,44,75,67,18,21,-0.64%,1.92%,10.40%,16.25%,-10.24%,-10.70%
HSIC,"Henry Schein, Inc.",79.72,Healthcare,Medical Distribution,9.67B,1.94M,1.7,2.84%,2.0%,5.2%,Yes,Yes,-3.23%,79,38,61,70,37,3.53%,5.86%,0.91%,13.79%,20.90%,-0.16%
HST,"Host Hotels & Resorts, Inc.",19.35,Real Estate,REIT - Hotel & Motel,13.48B,5.73M,0.75,2.08%,96.3%,0.9%,Yes,Yes,-0.41%,57,58,62,81,66,1.84%,3.64%,6.26%,13.90%,30.01%,22.83%
HSY,The Hershey Company,231.53,Consumer Defensive,Confectioners,46.95B,2.33M,1.23,2.69%,-59.8%,7.0%,Yes,Yes,-1.24%,98,97,94,78,89,3.19%,16.93%,25.32%,39.18%,27.58%,56.97%
HUBB,Hubbell Incorporated,503.8,Industrials,Electrical Equipment & Parts,26.77B,0.86M,1.67,3.02%,13.8%,11.9%,Yes,Yes,-1.91%,42,71,52,70,74,3.36%,1.66%,9.31%,9.54%,21.10%,29.24%
HUM,Humana Inc.,193.94,Healthcare,Healthcare Plans,23.33B,1.78M,0.95,3.62%,-59.4%,11.1%,No,No,-38.07%,57,2,6,5,7,0.20%,3.60%,-30.13%,-22.50%,-26.77%,-29.66%
HWM,Howmet Aerospace Inc.,223.16,Industrials,Aerospace & Defense,89.82B,2.28M,0.93,2.76%,16.0%,13.8%,Yes,Yes,-1.64%,87,58,49,74,93,6.45%,7.70%,6.26%,8.54%,23.54%,73.45%
IBKR,"Interactive Brokers Group, Inc.",74.59,Financial Services,Capital Markets,126.80B,4.79M,0.95,3.75%,30.9%,18.6%,Yes,Yes,-5.34%,29,58,44,58,76,7.34%,-0.90%,6.31%,6.90%,13.45%,31.42%
IBM,International Business Machines Corporation,298.93,Technology,Information Technology Services,279.42B,3.10M,0.66,3.25%,92.2%,12.2%,No,Yes,-7.99%,15,31,21,74,63,3.12%,-5.02%,-1.25%,-3.79%,24.07%,21.00%
ICE,"Intercontinental Exchange, Inc.",169.0,Financial Services,Financial Data & Stock Exchanges,96.74B,2.84M,0.86,2.65%,21.9%,7.8%,Yes,No,-10.23%,23,50,64,20,39,0.42%,-2.41%,4.33%,14.90%,-8.81%,1.93%
IDXX,"IDEXX Laboratories, Inc.",644.61,Healthcare,Diagnostics & Research,51.57B,0.56M,1.16,2.43%,14.8%,14.3%,No,Yes,-16.28%,37,17,14,28,81,0.16%,0.78%,-9.51%,-9.69%,-2.04%,39.96%
IEX,IDEX Corporation,211.37,Industrials,Specialty Industrial Machinery,15.91B,1.19M,1.55,2.37%,4.1%,4.2%,Yes,Yes,-2.66%,83,85,84,85,46,-0.74%,6.63%,14.83%,27.17%,34.62%,7.70%
IFF,International Flavors & Fragrances Inc.,74.82,Basic Materials,Specialty Chemicals,19.18B,0.96M,0.62,2.38%,-31.0%,-7.9%,Yes,Yes,-11.95%,85,70,75,67,22,1.89%,7.27%,9.10%,19.78%,19.23%,-10.62%
INCY,Incyte Corporation,108.39,Healthcare,Biotechnology,21.28B,2.16M,1.16,3.25%,298.4%,20.0%,Yes,Yes,-3.47%,75,41,37,87,84,5.48%,5.57%,2.33%,3.03%,38.27%,44.62%
INSM,Insmed Incorporated,149.86,Healthcare,Biotechnology,31.96B,2.33M,0.96,4.57%,0.0%,52.4%,No,Yes,-29.56%,21,14,7,86,94,-0.77%,-2.68%,-11.99%,-19.29%,36.80%,85.52%
INTC,Intel Corporation,50.59,Technology,Semiconductors,252.71B,111.44M,0.89,6.24%,0.0%,-4.1%,Yes,Yes,-7.34%,57,96,92,98,97,4.87%,3.65%,23.06%,35.85%,153.58%,161.04%
INTU,Intuit Inc.,443.77,Technology,Software - Application,123.55B,3.64M,1.23,4.25%,-14.6%,41.0%,No,No,-45.26%,9,1,2,2,9,2.04%,-8.90%,-31.89%,-31.98%,-40.53%,-24.30%
INVH,Invitation Homes Inc.,26.34,Real Estate,REIT - Residential,16.15B,3.67M,0.54,2.28%,43.5%,6.5%,No,No,-24.19%,36,32,20,18,18,-0.27%,0.34%,-1.13%,-4.24%,-10.19%,-13.42%
IP,International Paper Company,46.58,Consumer Cyclical,Packaging & Containers,24.60B,6.42M,0.91,4.14%,0.0%,31.1%,Yes,Yes,-15.76%,96,76,87,32,19,4.98%,14.48%,10.69%,29.05%,0.14%,-13.03%
IQV,IQVIA Holdings Inc.,187.49,Healthcare,Diagnostics & Research,31.93B,3.14M,2.14,3.91%,17.6%,10.3%,No,No,-24.11%,0,4,12,40,21,3.61%,-18.92%,-22.90%,-11.08%,4.24%,-10.70%
IR,Ingersoll Rand Inc.,98.5,Industrials,Specialty Industrial Machinery,39.15B,5.43M,1.59,2.88%,10.2%,5.1%,Yes,Yes,-0.95%,94,89,84,81,44,2.60%,10.75%,16.75%,26.83%,29.86%,6.74%
IRM,Iron Mountain Incorporated,95.78,Real Estate,REIT - Specialty,28.31B,2.46M,1.34,2.97%,0.0%,12.6%,Yes,Yes,-10.51%,85,73,20,48,28,7.68%,7.11%,9.69%,-4.04%,8.22%,-6.56%
ISRG,"Intuitive Surgical, Inc.",488.15,Healthcare,Medical Instruments & Supplies,173.36B,2.52M,1.26,2.69%,15.9%,18.8%,No,No,-19.85%,25,9,13,39,14,2.48%,-1.73%,-16.57%,-10.89%,3.84%,-17.05%
IT,"Gartner, Inc.",156.33,Technology,Information Technology Services,11.84B,2.06M,1.49,4.77%,-39.2%,2.2%,No,No,-71.31%,0,0,2,3,0,2.83%,-22.76%,-36.66%,-30.96%,-31.73%,-70.75%
ITW,Illinois Tool Works Inc.,293.57,Industrials,Specialty Industrial Machinery,85.58B,1.26M,0.86,2.14%,5.3%,4.1%,Yes,Yes,-0.41%,94,87,77,61,60,1.83%,11.11%,15.70%,20.94%,15.68%,17.97%
IVZ,Invesco Ltd.,26.82,Financial Services,Asset Management,11.94B,5.09M,0.85,3.65%,0.0%,6.2%,No,Yes,-9.42%,24,23,66,83,84,4.07%,-2.15%,-5.13%,15.68%,31.87%,46.10%
J,Jacobs Solutions Inc.,148.81,Industrials,Engineering & Construction,17.57B,0.61M,0.83,2.68%,0.0%,12.3%,Yes,Yes,-11.44%,89,63,23,34,54,3.53%,8.72%,7.53%,-2.81%,0.90%,13.68%
JBHT,"J.B. Hunt Transport Services, Inc.",227.91,Industrials,Integrated Freight & Logistics,21.70B,1.00M,0.96,2.65%,16.5%,-1.6%,Yes,Yes,-0.67%,86,77,92,95,79,1.18%,7.65%,10.95%,35.19%,63.87%,36.40%
JBL,Jabil Inc.,258.25,Technology,Electronic Components,27.59B,0.99M,0.95,4.19%,46.0%,18.7%,Yes,Yes,-0.89%,80,88,76,61,88,6.79%,6.18%,16.43%,20.13%,15.20%,56.07%
JCI,Johnson Controls International plc,137.65,Industrials,Building Products & Equipment,84.25B,4.42M,0.77,2.29%,25.1%,6.8%,Yes,Yes,-0.42%,95,96,59,82,89,3.87%,11.93%,23.69%,12.60%,30.41%,57.69%
JKHY,"Jack Henry & Associates, Inc.",173.36,Technology,Information Technology Services,12.60B,1.15M,1.52,2.78%,27.4%,7.9%,No,Yes,-10.65%,19,20,44,47,38,-2.03%,-3.25%,-7.66%,6.66%,8.05%,1.05%
JNJ,Johnson & Johnson,239.99,Healthcare,Drug Manufacturers - General,578.21B,7.13M,0.85,1.81%,49.1%,9.1%,Yes,Yes,-0.39%,62,89,87,89,91,0.93%,4.00%,16.64%,29.17%,40.36%,61.12%
JPM,JPMorgan Chase & Co.,322.4,Financial Services,Banks - Diversified,877.66B,10.17M,0.94,2.11%,-7.0%,2.5%,Yes,Yes,-4.01%,67,28,38,56,61,3.95%,4.63%,-2.24%,3.33%,12.70%,18.82%
KDP,Keurig Dr Pepper Inc.,28.41,Consumer Defensive,Beverages - Non-Alcoholic,38.60B,7.67M,0.79,2.21%,7.5%,10.7%,Yes,No,-19.58%,56,44,49,13,31,1.43%,3.42%,2.90%,8.67%,-16.03%,-5.48%
KEY,KeyCorp,23.21,Financial Services,Banks - Regional,25.59B,13.23M,0.89,2.27%,0.0%,131.5%,Yes,Yes,-0.34%,74,66,90,85,79,2.25%,5.50%,7.95%,33.42%,34.69%,35.53%
KEYS,"Keysight Technologies, Inc.",230.95,Technology,Scientific & Technical Instruments,39.68B,0.79M,0.81,2.87%,0.0%,10.3%,Yes,Yes,-0.85%,56,79,82,88,74,4.26%,3.44%,11.75%,24.80%,40.00%,30.05%
KHC,The Kraft Heinz Company,24.64,Consumer Defensive,Packaged Foods,29.17B,11.47M,0.75,2.50%,0.0%,-2.3%,Yes,No,-22.70%,69,53,41,20,23,0.80%,4.85%,5.16%,5.53%,-8.51%,-9.98%
KIM,Kimco Realty Corporation,21.83,Real Estate,REIT - Retail,14.78B,2.96M,0.59,2.02%,1.3%,5.6%,Yes,Yes,-3.73%,69,56,51,46,39,0.65%,4.80%,5.87%,9.25%,7.44%,2.17%
KKR,KKR & Co. Inc.,103.2,Financial Services,Asset Management,95.57B,11.56M,2.13,4.17%,1.8%,77.5%,No,No,-33.30%,9,4,11,5,7,4.06%,-9.76%,-22.78%,-13.37%,-27.46%,-31.53%
KLAC,KLA Corporation,1442.95,Technology,Semiconductor Equipment & Materials,189.59B,1.55M,1.31,4.79%,39.0%,7.2%,Yes,Yes,-14.79%,49,69,75,94,95,8.41%,2.30%,8.93%,19.81%,58.34%,91.03%
KMB,Kimberly-Clark Corporation,104.33,Consumer Defensive,Household & Personal Products,34.63B,5.23M,0.84,2.24%,11.6%,-17.2%,Yes,No,-28.45%,70,54,40,9,16,0.07%,4.85%,5.52%,4.79%,-21.68%,-15.61%
KMI,"Kinder Morgan, Inc.",30.5,Energy,Oil & Gas Midstream,67.86B,8.59M,0.61,2.14%,49.3%,13.1%,Yes,Yes,-0.29%,53,81,70,61,60,0.56%,3.01%,12.93%,17.90%,15.82%,18.81%
KO,The Coca-Cola Company,79.03,Consumer Defensive,Beverages - Non-Alcoholic,340.12B,15.44M,0.89,1.63%,29.8%,5.1%,Yes,Yes,-0.21%,70,83,65,59,73,0.66%,4.91%,13.93%,15.24%,14.01%,28.41%
KR,The Kroger Co.,67.5,Consumer Defensive,Grocery Stores,44.73B,3.40M,0.54,2.72%,0.0%,0.7%,Yes,Yes,-8.94%,84,81,45,21,42,1.24%,7.04%,12.90%,6.98%,-8.13%,6.10%
KVUE,Kenvue Inc.,18.13,Consumer Defensive,Household & Personal Products,34.74B,63.45M,1.36,2.04%,3.9%,-3.5%,Yes,No,-25.72%,64,59,56,14,32,0.33%,4.32%,6.71%,11.53%,-13.15%,-4.64%
L,Loews Corporation,111.27,Financial Services,Insurance - Property & Casualty,23.08B,0.49M,0.72,1.54%,25.7%,4.6%,Yes,Yes,-1.24%,72,54,52,66,73,0.34%,5.19%,5.48%,9.55%,18.81%,28.52%
LDOS,"Leidos Holdings, Inc.",192.99,Technology,Information Technology Services,24.76B,0.55M,0.67,2.79%,0.8%,6.7%,Yes,Yes,-6.00%,51,31,28,52,80,3.71%,2.63%,-1.14%,-0.68%,9.83%,38.45%
LEN,Lennar Corporation,114.02,Consumer Cyclical,Residential Construction,28.16B,3.45M,1.1,3.69%,-55.3%,-5.8%,No,No,-20.26%,73,51,19,25,25,-1.17%,5.27%,4.54%,-4.82%,-4.83%,-8.80%
LH,Labcorp Holdings Inc.,277.2,Healthcare,Diagnostics & Research,23.04B,0.50M,0.72,2.21%,54.2%,8.6%,Yes,Yes,-5.37%,50,69,59,42,53,-0.37%,2.56%,8.85%,12.69%,4.82%,13.13%
LHX,"L3Harris Technologies, Inc.",349.66,Industrials,Aerospace & Defense,65.42B,0.79M,0.5,3.07%,-33.8%,2.3%,Yes,Yes,-5.39%,52,62,80,82,93,2.17%,2.77%,7.34%,23.19%,30.75%,72.44%
LII,Lennox International Inc.,529.98,Industrials,Building Products & Equipment,18.59B,0.39M,0.86,3.19%,-27.9%,-11.2%,Yes,No,-22.73%,84,43,47,21,26,2.48%,7.00%,2.59%,8.22%,-8.50%,-8.59%
LIN,Linde plc,448.24,Basic Materials,Specialty Chemicals,210.18B,3.13M,1.34,1.63%,24.5%,3.1%,Yes,No,-7.21%,22,39,48,26,34,-2.49%,-2.59%,1.94%,8.32%,-4.47%,-1.39%
LLY,Eli Lilly and Company,1058.18,Healthcare,Drug Manufacturers - General,948.61B,3.36M,1.09,3.25%,50.5%,42.6%,Yes,Yes,-6.68%,40,28,59,95,65,3.66%,1.35%,-2.49%,13.05%,69.75%,22.49%
LMT,Lockheed Martin Corporation,623.58,Industrials,Aerospace & Defense,144.30B,0.95M,0.49,3.27%,155.0%,9.1%,Yes,Yes,-3.56%,24,93,91,91,83,2.36%,-1.95%,20.28%,33.99%,48.70%,43.13%
LNT,Alliant Energy Corporation,66.69,Utilities,Utilities - Regulated Electric,17.14B,3.77M,1.66,1.54%,-4.7%,11.9%,Yes,Yes,-3.39%,50,42,30,38,56,-0.21%,2.43%,2.57%,0.74%,3.20%,15.61%
LOW,"Lowe's Companies, Inc.",278.38,Consumer Cyclical,Home Improvement Retail,156.16B,1.73M,0.65,2.35%,-4.7%,3.2%,Yes,Yes,-1.06%,56,70,76,63,49,1.27%,3.46%,9.14%,20.87%,16.53%,10.52%
LRCX,Lam Research Corporation,231.01,Technology,Semiconductor Equipment & Materials,290.16B,13.70M,1.08,5.60%,33.8%,22.1%,Yes,Yes,-8.28%,21,86,95,97,98,8.30%,-2.73%,14.95%,42.67%,127.86%,181.45%
LULU,lululemon athletica inc.,172.85,Consumer Cyclical,Apparel Retail,20.50B,1.94M,0.71,4.00%,-12.8%,7.1%,No,No,-58.56%,19,7,42,20,1,1.62%,-3.48%,-18.53%,5.69%,-8.75%,-58.03%
LUV,Southwest Airlines Co.,54.26,Industrials,Airlines,28.50B,10.73M,1.13,3.61%,23.8%,7.4%,Yes,Yes,-0.80%,91,97,98,96,94,3.33%,9.31%,26.42%,72.95%,85.02%,78.34%
LVS,Las Vegas Sands Corp.,57.8,Consumer Cyclical,Resorts & Casinos,39.68B,4.74M,0.73,3.18%,21.9%,26.0%,No,Yes,-17.96%,60,21,16,53,80,1.51%,3.88%,-6.62%,-7.95%,10.27%,39.51%
LW,"Lamb Weston Holdings, Inc.",50.12,Consumer Defensive,Packaged Foods,6.98B,3.16M,1.05,3.00%,0.0%,1.1%,Yes,No,-24.20%,94,95,9,29,18,5.56%,11.33%,22.37%,-18.34%,-1.38%,-13.32%
LYB,LyondellBasell Industries N.V.,55.1,Basic Materials,Specialty Chemicals,17.74B,3.09M,0.49,4.66%,0.0%,-10.2%,Yes,Yes,-24.14%,92,86,90,66,11,2.26%,9.65%,15.66%,33.75%,18.30%,-22.15%
LYV,"Live Nation Entertainment, Inc.",140.84,Communication Services,Entertainment,32.70B,2.08M,0.87,2.89%,-4.5%,11.1%,No,No,-19.63%,23,24,34,21,29,1.85%,-2.15%,-4.37%,2.23%,-8.03%,-6.10%
MA,Mastercard Incorporated,548.74,Financial Services,Credit Services,490.26B,3.14M,0.81,2.24%,21.5%,17.6%,No,No,-8.55%,27,23,28,26,34,-0.57%,-1.19%,-5.26%,-0.67%,-4.18%,-2.69%
MAA,"Mid-America Apartment Communities, Inc.",132.13,Real Estate,REIT - Residential,15.86B,1.20M,1.22,2.05%,-65.5%,1.0%,No,No,-20.49%,33,26,40,26,19,1.08%,-0.14%,-3.54%,5.19%,-3.79%,-13.23%
MAR,"Marriott International, Inc.",333.24,Consumer Cyclical,Lodging,90.46B,1.41M,1.03,2.07%,24.7%,5.6%,Yes,Yes,-0.22%,64,42,73,79,50,2.08%,4.37%,2.56%,18.81%,28.84%,11.07%
MAS,Masco Corporation,72.87,Industrials,Building Products & Equipment,15.26B,2.53M,1.17,2.59%,13.2%,-3.3%,Yes,Yes,-6.23%,91,68,71,44,32,2.48%,9.46%,8.41%,17.93%,5.69%,-4.16%
MCD,McDonald's Corporation,327.16,Consumer Cyclical,Restaurants,233.46B,2.26M,0.76,1.48%,1.0%,3.0%,Yes,Yes,-0.27%,51,56,53,48,54,1.14%,2.71%,5.92%,10.29%,8.36%,13.74%
MCHP,Microchip Technology Incorporated,76.01,Technology,Semiconductors,41.08B,19.84M,2.21,3.67%,-46.8%,-2.0%,Yes,Yes,-6.66%,22,46,87,75,85,-2.60%,-2.65%,3.37%,29.23%,24.82%,47.64%
MCK,McKesson Corporation,948.68,Healthcare,Medical Distribution,117.09B,1.04M,1.6,2.79%,34.9%,11.4%,Yes,Yes,-2.39%,95,89,53,90,90,-0.95%,12.07%,16.46%,10.59%,42.20%,58.85%
MCO,Moody's Corporation,452.49,Financial Services,Financial Data & Stock Exchanges,81.16B,1.66M,1.84,2.54%,21.0%,10.7%,No,No,-17.26%,4,11,18,16,24,-1.14%,-12.49%,-14.81%,-5.98%,-11.85%,-9.33%
MDLZ,"Mondelez International, Inc.",60.02,Consumer Defensive,Confectioners,77.45B,10.80M,0.96,2.32%,-61.9%,9.3%,Yes,No,-14.18%,49,78,46,29,45,-0.48%,2.27%,11.17%,7.80%,-1.25%,7.07%
MDT,Medtronic plc,102.9,Healthcare,Medical Devices,131.98B,5.32M,0.71,2.13%,8.2%,6.6%,Yes,Yes,-3.23%,35,49,63,55,56,-0.05%,0.18%,4.27%,14.26%,11.63%,16.02%
MELI,"MercadoLibre, Inc.",1970.15,Consumer Cyclical,Internet Retail,99.88B,0.90M,1.76,3.69%,6.0%,39.5%,No,No,-25.52%,10,17,16,13,34,-3.18%,-8.25%,-9.62%,-7.43%,-16.30%,-2.12%
MET,"MetLife, Inc.",76.38,Financial Services,Insurance - Life,50.33B,3.38M,0.95,2.42%,-36.3%,27.6%,No,No,-10.00%,18,26,32,35,29,1.41%,-3.64%,-3.58%,1.26%,1.59%,-6.00%
META,"Meta Platforms, Inc.",661.46,Communication Services,Internet Content & Information,1673.20B,17.61M,1.09,2.85%,9.3%,23.8%,Yes,No,-16.80%,13,42,45,14,27,-1.31%,-6.36%,2.38%,6.96%,-13.89%,-6.80%
MGM,MGM Resorts International,37.49,Consumer Cyclical,Resorts & Casinos,10.25B,5.37M,1.12,3.51%,86.5%,5.1%,Yes,Yes,-9.27%,95,59,71,51,46,3.34%,11.94%,6.66%,18.19%,9.68%,8.73%
MKC,"McCormick & Company, Incorporated",67.42,Consumer Defensive,Packaged Foods,18.10B,2.96M,0.71,2.97%,5.3%,2.9%,Yes,No,-19.78%,93,36,42,27,22,0.66%,10.34%,0.43%,6.00%,-2.78%,-10.51%
MLM,"Martin Marietta Materials, Inc.",690.0,Basic Materials,Building Materials,41.61B,0.41M,1.07,2.48%,14.1%,12.4%,Yes,Yes,-0.51%,74,66,61,57,71,2.84%,5.45%,8.13%,13.58%,13.25%,27.23%
MMM,3M Company,172.65,Industrials,Conglomerates,90.93B,6.45M,1.62,2.98%,-20.7%,2.0%,Yes,Yes,-1.17%,96,50,42,59,55,4.59%,12.53%,4.48%,5.82%,13.63%,15.49%
MNST,Monster Beverage Corporation,82.54,Consumer Defensive,Beverages - Non-Alcoholic,80.64B,4.29M,0.77,1.97%,41.4%,16.8%,Yes,Yes,-0.84%,43,65,82,78,94,0.97%,1.78%,7.75%,24.48%,27.59%,78.27%
MO,"Altria Group, Inc.",65.4,Consumer Defensive,Tobacco,109.79B,6.86M,0.65,2.24%,-63.2%,-0.5%,Yes,Yes,-1.35%,71,89,67,43,78,0.02%,5.09%,16.99%,16.29%,5.43%,33.14%
MOH,"Molina Healthcare, Inc.",131.72,Healthcare,Healthcare Plans,7.14B,9.82M,5.97,4.08%,-75.8%,11.6%,No,No,-63.41%,0,2,13,13,1,-25.51%,-27.30%,-28.22%,-10.47%,-16.05%,-53.78%
MOS,The Mosaic Company,28.6,Basic Materials,Agricultural Inputs,9.08B,3.79M,0.56,3.70%,236.7%,22.8%,Yes,No,-23.99%,70,66,66,19,50,3.03%,4.88%,8.01%,15.82%,-9.13%,11.37%
MPC,Marathon Petroleum Corporation,203.0,Energy,Oil & Gas Refining & Marketing,61.02B,1.77M,0.78,3.16%,313.7%,-0.5%,Yes,Yes,-0.67%,97,84,42,78,79,3.66%,14.75%,14.64%,5.86%,27.55%,36.58%
MPWR,"Monolithic Power Systems, Inc.",1229.82,Technology,Semiconductors,58.92B,1.53M,2.52,4.66%,23.4%,18.9%,Yes,Yes,-1.61%,69,98,86,92,94,6.39%,4.82%,28.23%,28.58%,53.44%,87.63%
MRK,"Merck & Co., Inc.",121.93,Healthcare,Drug Manufacturers - General,304.55B,11.00M,0.85,2.62%,-20.8%,5.0%,Yes,Yes,-0.60%,86,74,95,92,83,1.82%,7.55%,9.86%,43.36%,53.91%,43.68%
MRNA,"Moderna, Inc.",41.01,Healthcare,Biotechnology,16.02B,8.33M,0.66,7.87%,0.0%,-45.4%,Yes,Yes,-25.71%,18,94,98,93,65,0.34%,-3.62%,21.12%,68.56%,57.01%,22.02%
MRSH,"Marsh & McLennan Companies, Inc.",185.03,Financial Services,Insurance Brokers,90.65B,1.81M,0.71,2.09%,4.2%,8.7%,Yes,No,-24.35%,26,34,41,21,15,-1.32%,-1.71%,-0.50%,5.32%,-8.28%,-16.71%
MRVL,"Marvell Technology, Inc.",80.28,Technology,Semiconductors,69.21B,22.48M,1.59,4.19%,0.0%,36.8%,No,Yes,-33.87%,46,26,10,39,6,8.18%,2.06%,-3.73%,-13.92%,3.94%,-32.45%
MS,Morgan Stanley,179.96,Financial Services,Capital Markets,286.01B,7.75M,1.2,2.60%,18.4%,11.0%,Yes,Yes,-6.09%,21,29,54,77,76,2.34%,-2.78%,-2.02%,10.73%,27.15%,30.98%
MSCI,MSCI Inc.,557.78,Financial Services,Financial Data & Stock Exchanges,41.91B,0.76M,1.47,3.08%,-6.8%,10.6%,No,No,-10.94%,6,25,21,37,33,-1.43%,-10.72%,-4.05%,-3.59%,2.68%,-3.85%
MSFT,Microsoft Corporation,401.14,Technology,Software - Infrastructure,2981.42B,52.43M,1.56,2.51%,59.5%,16.7%,No,No,-27.53%,15,9,8,8,34,1.90%,-5.25%,-16.10%,-19.15%,-22.89%,-2.82%
MSI,"Motorola Solutions, Inc.",422.18,Technology,Communication Equipment,70.34B,0.79M,0.72,2.10%,0.0%,7.8%,Yes,Yes,-13.75%,67,75,50,23,20,1.21%,4.58%,10.55%,8.86%,-6.37%,-11.47%
MSTR,Strategy Inc,134.93,Technology,Software - Application,39.04B,56.81M,2.43,7.62%,0.0%,10.9%,No,No,-70.49%,19,6,0,0,0,26.11%,-3.37%,-19.19%,-43.12%,-65.85%,-58.54%
MTB,M&T Bank Corporation,238.01,Financial Services,Banks - Regional,37.19B,1.07M,0.91,2.12%,11.5%,4.7%,Yes,Yes,-0.22%,75,78,89,79,64,1.74%,5.53%,11.42%,30.88%,29.13%,21.43%
MTCH,"Match Group, Inc.",31.63,Communication Services,Internet Content & Information,7.61B,4.70M,1.11,3.47%,32.4%,2.1%,No,No,-18.39%,35,27,23,17,28,2.53%,0.29%,-3.12%,-2.55%,-11.36%,-6.40%
MTD,Mettler-Toledo International Inc.,1373.57,Healthcare,Diagnostics & Research,28.29B,0.20M,1.6,2.72%,2.8%,7.9%,No,Yes,-9.94%,29,21,19,50,38,-0.67%,-0.87%,-6.25%,-4.59%,9.36%,1.20%
MU,"Micron Technology, Inc.",394.69,Technology,Semiconductors,444.23B,36.96M,1.04,6.14%,180.2%,56.7%,Yes,Yes,-13.35%,8,94,98,98,98,3.08%,-9.85%,20.69%,65.67%,232.32%,318.85%
NCLH,Norwegian Cruise Line Holdings Ltd.,23.32,Consumer Cyclical,Travel Services,10.62B,16.39M,0.94,4.67%,-11.7%,4.7%,Yes,Yes,-19.34%,27,24,85,27,14,7.47%,-1.35%,-4.31%,27.85%,-2.83%,-17.54%
NDAQ,"Nasdaq, Inc.",84.83,Financial Services,Financial Data & Stock Exchanges,48.68B,9.81M,2.31,3.03%,46.2%,2.5%,No,No,-16.66%,4,10,25,16,40,-0.80%,-12.37%,-14.95%,-1.28%,-11.90%,2.53%
NDSN,Nordson Corporation,290.18,Industrials,Specialty Industrial Machinery,16.20B,0.49M,1.22,1.86%,24.1%,1.0%,Yes,Yes,-0.29%,69,83,84,88,79,2.69%,4.79%,13.68%,26.29%,38.49%,36.75%
NEE,"NextEra Energy, Inc.",89.47,Utilities,Utilities - Regulated Electric,186.33B,6.90M,0.78,2.22%,27.6%,20.7%,Yes,Yes,-1.67%,57,81,53,76,78,0.29%,3.64%,12.56%,9.85%,25.36%,33.19%
NEM,Newmont Corporation,115.32,Basic Materials,Gold,126.67B,9.06M,0.93,4.08%,98.7%,20.0%,Yes,Yes,-14.50%,48,66,94,95,97,6.26%,2.19%,7.89%,40.14%,68.22%,161.31%
NFLX,"Netflix, Inc.",82.2,Communication Services,Entertainment,348.68B,45.64M,0.98,2.64%,29.4%,17.6%,No,No,-38.71%,31,18,4,3,13,1.64%,-0.68%,-9.20%,-25.07%,-32.16%,-19.07%
NI,NiSource Inc.,44.1,Utilities,Utilities - Regulated Gas,20.87B,3.05M,0.82,1.75%,10.5%,18.3%,Yes,Yes,-1.22%,37,60,39,44,60,0.39%,0.85%,6.87%,3.79%,5.72%,18.66%
NKE,"NIKE, Inc.",63.92,Consumer Cyclical,Footwear & Accessories,94.63B,10.81M,0.62,2.63%,-31.9%,0.6%,Yes,No,-20.64%,52,29,39,15,25,1.95%,2.80%,-2.05%,3.94%,-12.84%,-8.81%
NOC,Northrop Grumman Corporation,709.11,Industrials,Aerospace & Defense,101.20B,0.59M,0.58,3.18%,12.9%,9.6%,Yes,Yes,-0.39%,56,92,82,73,87,1.81%,3.52%,20.03%,24.48%,23.00%,54.63%
NOW,"ServiceNow, Inc.",100.74,Technology,Software - Application,106.30B,32.34M,1.9,4.41%,4.4%,20.7%,No,No,-52.36%,3,1,0,2,1,-1.84%,-14.63%,-31.09%,-41.35%,-42.27%,-50.78%
NRG,"NRG Energy, Inc.",153.32,Utilities,Utilities - Independent Power Producers,33.10B,1.77M,0.95,3.85%,0.0%,5.7%,No,No,-14.59%,52,62,14,34,86,6.15%,2.82%,7.15%,-9.58%,1.08%,50.25%
NSC,Norfolk Southern Corporation,306.48,Industrials,Railroads,75.01B,0.98M,0.94,1.91%,-12.1%,-1.7%,Yes,Yes,-0.88%,72,55,51,53,68,-0.14%,5.16%,5.78%,9.16%,9.97%,24.48%
NTAP,"NetApp, Inc.",103.34,Technology,Software - Infrastructure,20.63B,1.76M,0.76,3.03%,2.0%,2.8%,No,No,-17.66%,80,29,15,29,16,3.77%,6.03%,-2.09%,-8.72%,-1.80%,-14.97%
NTRS,Northern Trust Corporation,152.15,Financial Services,Asset Management,28.77B,0.92M,0.93,2.35%,2.3%,8.2%,Yes,Yes,-3.46%,36,54,74,72,80,3.17%,0.35%,5.40%,19.31%,22.58%,37.38%
NUE,Nucor Corporation,192.84,Basic Materials,Steel,44.13B,1.67M,0.93,2.87%,31.7%,8.6%,Yes,Yes,-0.13%,82,85,91,88,85,3.40%,6.56%,14.87%,33.76%,39.79%,47.13%
NVDA,NVIDIA Corporation,185.41,Technology,Semiconductors,4514.18B,223.34M,1.38,2.86%,65.3%,62.5%,Yes,Yes,-12.62%,34,35,25,35,83,7.87%,-0.11%,0.20%,-1.41%,1.49%,44.13%
NVR,"NVR, Inc.",8009.84,Consumer Cyclical,Residential Construction,21.89B,0.03M,1.02,2.96%,-20.5%,-5.0%,Yes,Yes,-7.06%,58,68,55,35,40,-0.43%,3.78%,8.45%,11.32%,1.92%,3.49%
NWS,News Corporation,25.65,Communication Services,Entertainment,14.24B,3.70M,3.06,2.32%,-5.9%,2.3%,No,No,-27.69%,1,10,14,8,11,-6.35%,-16.94%,-15.23%,-9.94%,-21.91%,-21.68%
NWSA,News Corporation,22.5,Communication Services,Entertainment,13.07B,9.03M,2.57,2.44%,-5.9%,2.3%,No,No,-28.82%,2,10,13,9,12,-7.06%,-15.95%,-14.93%,-10.29%,-20.84%,-20.49%
NXPI,NXP Semiconductors N.V.,224.32,Technology,Semiconductors,56.55B,4.24M,1.44,3.30%,-8.1%,7.2%,No,Yes,-10.54%,20,22,51,50,42,0.99%,-2.93%,-5.70%,9.14%,9.27%,5.40%
O,Realty Income Corporation,63.23,Real Estate,REIT - Retail,58.05B,4.70M,0.75,1.57%,17.2%,10.3%,Yes,Yes,-1.03%,65,70,62,57,66,-0.21%,4.46%,8.96%,13.82%,13.17%,23.16%
ODFL,"Old Dominion Freight Line, Inc.",202.47,Industrials,Trucking,42.55B,2.86M,1.34,3.34%,-12.8%,-5.7%,Yes,Yes,-3.00%,90,91,96,89,41,0.16%,8.78%,18.36%,47.34%,40.70%,4.11%
OKE,"ONEOK, Inc.",81.84,Energy,Oil & Gas Midstream,51.54B,3.84M,0.9,2.67%,35.5%,71.9%,Yes,Yes,-16.63%,89,85,79,57,24,1.72%,8.66%,14.70%,22.34%,13.16%,-9.83%
OMC,Omnicom Group Inc.,69.87,Communication Services,Advertising Agencies,22.17B,2.97M,0.77,2.97%,-11.6%,4.0%,No,No,-18.79%,9,15,22,28,18,1.09%,-8.69%,-11.32%,-3.33%,-2.39%,-13.93%
ON,ON Semiconductor Corporation,65.2,Technology,Semiconductors,26.67B,12.65M,1.47,4.13%,-36.5%,-12.0%,Yes,Yes,-2.48%,79,61,90,87,68,3.33%,5.96%,7.08%,33.61%,36.80%,24.33%
ORCL,Oracle Corporation,142.82,Technology,Software - Infrastructure,410.48B,29.73M,1.21,4.73%,94.7%,14.2%,No,No,-58.51%,6,3,1,2,15,4.65%,-10.77%,-24.49%,-41.26%,-42.63%,-16.29%
ORLY,"O'Reilly Automotive, Inc.",94.22,Consumer Cyclical,Auto Parts,79.53B,10.26M,1.7,2.30%,9.8%,7.8%,No,No,-13.34%,17,44,27,19,43,1.46%,-3.87%,2.83%,-0.82%,-8.82%,6.20%
OTIS,Otis Worldwide Corporation,89.85,Industrials,Specialty Industrial Machinery,35.26B,3.13M,0.97,2.24%,11.0%,3.3%,Yes,No,-14.73%,64,33,26,39,31,-1.52%,4.29%,-0.60%,-0.97%,3.70%,-4.78%
OXY,Occidental Petroleum Corporation,46.31,Energy,Oil & Gas E&P,45.63B,6.75M,0.6,2.69%,-25.5%,-7.7%,Yes,Yes,-9.99%,77,61,66,44,38,2.71%,5.73%,7.12%,15.58%,5.66%,0.74%
PANW,"Palo Alto Networks, Inc.",159.32,Technology,Software - Infrastructure,111.05B,9.86M,1.55,3.59%,-4.8%,15.7%,No,No,-28.75%,9,9,5,25,16,2.94%,-9.18%,-16.50%,-24.63%,-4.63%,-14.97%
PAYC,"Paycom Software, Inc.",130.97,Technology,Software - Application,7.37B,1.88M,1.83,3.65%,51.0%,9.2%,No,No,-50.89%,25,8,7,1,5,-0.47%,-1.76%,-17.00%,-19.96%,-42.80%,-35.65%
PAYX,"Paychex, Inc.",98.53,Technology,Software - Application,35.37B,3.23M,1.03,2.30%,-4.4%,18.3%,No,No,-37.19%,17,14,12,4,6,0.37%,-3.85%,-12.86%,-10.91%,-28.81%,-31.55%
PCAR,PACCAR Inc,127.35,Industrials,Farm & Heavy Construction Machinery,66.91B,4.25M,1.34,2.22%,-36.1%,-13.7%,Yes,Yes,-3.43%,48,65,89,84,63,-0.05%,2.20%,7.74%,31.67%,33.38%,21.36%
PCG,PG&E Corporation,16.4,Utilities,Utilities - Regulated Electric,36.05B,13.43M,0.67,2.42%,42.9%,5.2%,Yes,Yes,-8.03%,89,49,30,52,42,0.74%,8.75%,4.33%,0.74%,9.86%,5.98%
PDD,PDD Holdings Inc.,105.23,Consumer Cyclical,Internet Retail,149.39B,7.92M,0.88,2.65%,17.4%,9.0%,No,No,-24.52%,43,13,5,21,28,3.65%,1.72%,-13.46%,-23.04%,-7.90%,-6.64%
PEG,Public Service Enterprise Group Incorporated,80.65,Utilities,Utilities - Regulated Electric,40.26B,1.27M,0.43,1.99%,19.6%,22.1%,Yes,No,-10.21%,36,49,25,22,36,1.08%,0.42%,4.16%,-1.34%,-6.55%,-0.81%
PEP,"PepsiCo, Inc.",170.49,Consumer Defensive,Beverages - Non-Alcoholic,233.12B,10.31M,1.19,2.08%,66.8%,5.6%,Yes,Yes,-0.15%,92,95,78,68,64,1.77%,9.85%,22.33%,21.60%,19.72%,21.98%
PFE,Pfizer Inc.,27.22,Healthcare,Drug Manufacturers - General,154.76B,45.42M,0.93,2.21%,0.0%,-1.2%,Yes,Yes,-0.53%,47,72,60,60,53,2.76%,2.10%,9.43%,13.33%,14.58%,13.03%
PFG,"Principal Financial Group, Inc.",97.34,Financial Services,Asset Management,21.68B,1.49M,1.06,2.26%,0.0%,22.2%,Yes,Yes,-0.55%,40,57,73,80,70,1.93%,1.40%,6.12%,19.19%,29.55%,26.40%
PG,The Procter & Gamble Company,159.17,Consumer Defensive,Household & Personal Products,371.94B,8.50M,0.78,1.61%,-6.7%,1.5%,Yes,Yes,-9.14%,60,82,52,43,33,0.35%,3.90%,13.26%,9.70%,5.15%,-3.16%
PGR,The Progressive Corporation,202.29,Financial Services,Insurance - Property & Casualty,118.58B,2.19M,0.61,2.88%,25.2%,12.2%,No,No,-26.49%,32,23,34,15,17,-2.54%,-0.37%,-5.10%,2.64%,-12.69%,-14.31%
PH,Parker-Hannifin Corporation,976.49,Industrials,Specialty Industrial Machinery,123.25B,0.52M,0.83,1.90%,-11.0%,9.1%,Yes,Yes,-1.25%,50,64,69,85,82,0.92%,2.57%,7.72%,17.32%,34.79%,42.57%
PHM,"PulteGroup, Inc.",135.09,Consumer Cyclical,Residential Construction,26.33B,1.96M,1.05,3.37%,-45.1%,-6.3%,Yes,Yes,-4.59%,81,73,62,55,67,0.78%,6.31%,9.69%,13.82%,11.47%,23.78%
PKG,Packaging Corporation of America,238.86,Consumer Cyclical,Packaging & Containers,21.49B,0.67M,0.7,2.83%,-54.0%,10.1%,Yes,Yes,-0.37%,84,78,77,73,55,3.00%,6.77%,11.68%,21.32%,23.06%,15.34%
PLD,"Prologis, Inc.",136.95,Real Estate,REIT - Industrial,127.21B,2.97M,0.87,2.04%,9.5%,4.0%,Yes,Yes,-0.32%,76,59,55,83,62,0.59%,5.61%,6.67%,11.30%,31.76%,19.65%
PLTR,Palantir Technologies Inc.,135.9,Technology,Software - Infrastructure,323.91B,61.31M,1.36,4.78%,670.4%,70.0%,No,No,-34.51%,10,4,6,5,65,4.53%,-8.03%,-23.16%,-22.37%,-27.31%,22.12%
PM,Philip Morris International Inc.,182.81,Consumer Defensive,Tobacco,284.57B,8.51M,1.58,2.45%,12.8%,9.4%,Yes,Yes,-2.00%,41,86,80,51,75,0.45%,1.59%,15.11%,23.07%,9.42%,30.24%
PNC,"The PNC Financial Services Group, Inc.",242.48,Financial Services,Banks - Regional,98.04B,2.44M,0.88,2.05%,25.5%,9.6%,Yes,Yes,-0.60%,82,79,90,81,68,1.66%,6.52%,11.76%,33.58%,29.96%,24.15%
PNR,Pentair plc,97.35,Industrials,Specialty Industrial Machinery,15.96B,1.33M,0.7,2.85%,-0.2%,4.9%,No,No,-14.16%,11,23,15,25,36,2.51%,-7.73%,-5.30%,-8.50%,-4.78%,-0.29%
PNW,Pinnacle West Capital Corporation,93.52,Utilities,Utilities - Regulated Electric,11.19B,0.49M,0.43,1.88%,4.6%,2.9%,Yes,Yes,-2.25%,45,55,46,37,49,-1.13%,1.98%,5.73%,7.76%,3.02%,10.88%
PODD,Insulet Corporation,241.93,Healthcare,Medical Devices,17.03B,1.09M,1.27,3.33%,13.0%,29.9%,No,No,-31.83%,14,8,4,9,15,-0.50%,-5.72%,-17.40%,-25.19%,-21.22%,-15.90%
POOL,Pool Corporation,266.16,Industrials,Industrial Distribution,9.93B,1.03M,1.34,2.59%,1.0%,1.3%,Yes,No,-27.81%,71,73,46,16,12,3.35%,4.95%,9.62%,7.69%,-12.17%,-19.97%
PPG,"PPG Industries, Inc.",126.51,Basic Materials,Specialty Chemicals,28.55B,1.41M,0.64,2.29%,0.0%,5.0%,Yes,Yes,-0.18%,89,93,91,69,52,1.68%,8.63%,20.14%,33.92%,19.96%,12.04%
PPL,PPL Corporation,35.92,Utilities,Utilities - Regulated Electric,26.57B,8.54M,1.27,1.80%,48.6%,8.4%,Yes,Yes,-5.38%,35,47,27,32,46,0.70%,0.28%,3.61%,-0.79%,0.39%,8.72%
PRU,"Prudential Financial, Inc.",102.8,Financial Services,Insurance - Life,36.18B,2.60M,1.28,2.41%,0.0%,13.7%,No,No,-14.16%,11,13,26,36,31,2.99%,-7.98%,-13.41%,-0.99%,2.12%,-4.74%
PSA,Public Storage,287.0,Real Estate,REIT - Industrial,50.36B,0.53M,0.49,2.33%,18.8%,3.1%,Yes,Yes,-7.28%,76,56,42,39,35,1.48%,5.59%,5.86%,5.92%,4.06%,-1.25%
PSKY,Paramount Skydance Corporation,10.56,Communication Services,Entertainment,11.65B,6.96M,1.05,2.73%,0.0%,-0.4%,No,No,-49.18%,14,12,3,34,35,0.38%,-5.55%,-13.94%,-28.38%,1.13%,-1.11%
PSX,Phillips 66,157.8,Energy,Oil & Gas Refining & Marketing,63.77B,1.92M,0.8,2.75%,36225.0%,1.3%,Yes,Yes,-0.85%,94,72,65,86,79,2.18%,10.94%,9.42%,15.15%,34.90%,35.51%
PTC,PTC Inc.,155.72,Technology,Software - Application,18.60B,1.48M,1.52,3.01%,102.5%,21.4%,No,No,-29.12%,30,16,13,7,24,1.16%,-0.76%,-10.28%,-10.47%,-24.19%,-9.26%
PWR,"Quanta Services, Inc.",508.11,Industrials,Engineering & Construction,75.77B,1.52M,1.55,3.75%,15.8%,17.5%,Yes,Yes,-0.07%,81,96,64,83,91,6.36%,6.35%,22.98%,14.75%,31.65%,63.52%
PYPL,"PayPal Holdings, Inc.",40.42,Financial Services,Credit Services,37.82B,34.71M,1.56,2.62%,28.2%,3.7%,No,No,-49.19%,0,1,1,2,2,1.30%,-22.76%,-30.63%,-38.86%,-40.11%,-48.44%
QCOM,QUALCOMM Incorporated,137.34,Technology,Semiconductors,146.69B,14.99M,1.56,2.60%,-5.5%,5.0%,No,No,-32.97%,8,3,6,23,14,0.76%,-10.01%,-24.48%,-20.30%,-5.92%,-17.07%
RCL,Royal Caribbean Cruises Ltd.,348.0,Consumer Cyclical,Travel Services,94.90B,1.53M,0.68,4.15%,36.6%,13.2%,Yes,Yes,-4.43%,63,84,93,62,75,6.72%,4.18%,14.35%,37.71%,16.20%,30.45%
REG,Regency Centers Corporation,75.22,Real Estate,REIT - Retail,13.84B,2.05M,1.61,2.05%,7.8%,7.7%,Yes,Yes,-1.48%,66,59,54,45,45,-0.34%,4.50%,6.51%,10.69%,6.81%,7.36%
REGN,"Regeneron Pharmaceuticals, Inc.",785.51,Healthcare,Biotechnology,83.04B,0.67M,0.83,3.02%,-8.0%,2.5%,Yes,Yes,-4.34%,62,30,78,88,47,2.46%,4.04%,-1.94%,21.58%,39.91%,9.39%
RF,Regions Financial Corporation,30.93,Financial Services,Banks - Regional,27.12B,10.97M,0.78,2.35%,22.8%,15.6%,Yes,Yes,-0.76%,80,62,86,76,76,1.41%,6.22%,7.25%,28.57%,26.65%,30.98%
RJF,"Raymond James Financial, Inc.",172.14,Financial Services,Asset Management,33.91B,0.81M,0.71,2.57%,-6.2%,7.5%,Yes,Yes,-2.50%,52,40,45,42,40,2.81%,2.87%,2.23%,7.39%,5.03%,3.54%
RL,Ralph Lauren Corporation,342.89,Consumer Cyclical,Apparel Manufacturing,20.79B,0.81M,1.41,2.92%,21.6%,12.2%,No,Yes,-9.54%,18,21,51,68,71,1.25%,-3.83%,-6.08%,9.12%,19.61%,27.12%
RMD,ResMed Inc.,271.63,Healthcare,Medical Instruments & Supplies,39.65B,1.26M,1.25,2.73%,13.9%,11.0%,Yes,Yes,-7.33%,83,67,50,26,55,1.72%,6.63%,8.25%,9.06%,-3.89%,15.55%
ROK,"Rockwell Automation, Inc.",415.02,Industrials,Specialty Industrial Machinery,46.66B,1.68M,2.21,2.53%,65.8%,11.9%,Yes,Yes,-5.40%,19,43,57,76,89,2.05%,-3.29%,2.81%,11.82%,25.48%,56.97%
ROL,"Rollins, Inc.",64.84,Consumer Cyclical,Personal Services,31.20B,1.40M,0.65,1.55%,19.4%,12.0%,Yes,Yes,-0.26%,47,64,54,54,75,0.57%,2.09%,7.69%,10.90%,11.23%,30.58%
ROP,"Roper Technologies, Inc.",362.42,Technology,Software - Application,39.01B,1.91M,1.22,3.15%,-7.3%,9.7%,No,No,-38.70%,21,9,9,3,4,3.25%,-2.73%,-16.58%,-18.29%,-31.93%,-37.47%
ROST,"Ross Stores, Inc.",190.74,Consumer Cyclical,Apparel Retail,62.03B,1.99M,0.89,1.80%,4.7%,10.4%,Yes,Yes,-2.14%,35,37,74,84,77,0.80%,0.33%,0.78%,19.31%,32.00%,32.99%
RSG,"Republic Services, Inc.",219.94,Industrials,Waste Management,68.67B,0.86M,0.64,1.56%,-2.8%,3.3%,Yes,No,-14.31%,45,47,47,23,37,0.56%,1.95%,3.81%,8.01%,-5.96%,0.31%
RTX,RTX Corporation,198.66,Industrials,Aerospace & Defense,266.36B,3.41M,0.61,2.46%,9.4%,12.1%,Yes,Yes,-3.79%,27,57,62,79,89,1.37%,-1.21%,6.14%,13.90%,29.36%,57.14%
RVTY,"Revvity, Inc.",101.59,Healthcare,Diagnostics & Research,11.79B,1.11M,0.79,4.19%,3.9%,5.9%,No,Yes,-17.40%,15,35,61,64,17,2.08%,-5.14%,-0.06%,13.55%,17.14%,-14.50%
SBAC,SBA Communications Corporation,180.74,Real Estate,REIT - Specialty,19.26B,0.64M,0.84,2.65%,-8.4%,9.7%,No,No,-25.14%,33,34,17,11,23,0.13%,-0.22%,-0.34%,-6.68%,-17.30%,-10.01%
SBUX,Starbucks Corporation,99.45,Consumer Cyclical,Restaurants,113.30B,7.97M,0.79,3.04%,-62.4%,5.5%,Yes,Yes,-13.55%,88,81,78,51,26,3.52%,8.46%,12.78%,21.83%,9.45%,-8.60%
SCHW,The Charles Schwab Corporation,105.08,Financial Services,Capital Markets,190.74B,6.24M,0.73,2.25%,33.6%,18.9%,Yes,Yes,-0.69%,34,47,57,49,71,3.02%,-0.09%,3.69%,11.87%,8.55%,27.17%
SHOP,Shopify Inc.,112.05,Technology,Software - Application,146.23B,12.10M,1.35,4.97%,-68.1%,31.5%,No,No,-38.50%,3,0,3,6,30,0.73%,-15.24%,-33.41%,-28.20%,-25.11%,-5.51%
SHW,The Sherwin-Williams Company,361.98,Basic Materials,Specialty Chemicals,90.25B,1.95M,1.1,2.19%,-0.7%,5.6%,Yes,Yes,-4.43%,41,57,49,38,37,0.26%,1.58%,6.14%,8.74%,3.25%,-0.00%
SJM,The J. M. Smucker Company,109.51,Consumer Defensive,Packaged Foods,11.68B,1.01M,0.69,2.32%,0.0%,2.6%,Yes,Yes,-7.15%,66,80,41,33,49,0.21%,4.50%,11.95%,5.43%,0.90%,10.43%
SLB,SLB N.V.,50.7,Energy,Oil & Gas Equipment & Services,75.81B,13.89M,0.68,3.02%,-24.7%,5.0%,Yes,Yes,-1.88%,74,84,95,93,74,2.40%,5.52%,14.11%,40.54%,56.71%,29.70%
SMCI,"Super Micro Computer, Inc.",34.38,Technology,Computer Hardware,20.52B,48.88M,1.43,6.34%,24.9%,123.4%,Yes,No,-48.25%,97,86,10,7,39,11.44%,15.72%,14.98%,-14.77%,-22.91%,1.60%
SNA,Snap-on Incorporated,369.34,Industrials,Tools & Accessories,19.27B,0.39M,1.27,2.08%,1.0%,3.1%,Yes,Yes,-5.04%,32,40,50,63,51,-0.39%,-0.59%,2.22%,9.00%,16.40%,11.64%
SNDK,Sandisk Corporation,597.95,Technology,Computer Hardware,88.24B,20.84M,1.2,10.14%,672.1%,61.2%,Yes,Yes,-17.52%,7,99,99,99,99,3.77%,-10.12%,78.74%,187.91%,1248.56%,1560.97%
SNPS,"Synopsys, Inc.",426.88,Technology,Software - Infrastructure,81.67B,2.26M,1.14,3.83%,-59.7%,37.8%,No,No,-34.50%,12,8,46,4,12,4.01%,-6.77%,-17.03%,7.76%,-31.08%,-19.94%
SO,The Southern Company,90.08,Utilities,Utilities - Regulated Electric,99.19B,4.17M,0.84,1.64%,11.5%,7.5%,Yes,No,-9.94%,47,45,29,26,50,-1.10%,2.14%,3.28%,-0.09%,-3.33%,11.10%
SOLV,Solventum Corporation,78.12,Healthcare,Medical Instruments & Supplies,13.55B,0.67M,0.74,2.34%,937.7%,0.7%,No,Yes,-11.43%,41,18,70,45,41,1.48%,1.57%,-8.92%,17.86%,6.45%,4.47%
SPG,"Simon Property Group, Inc.",199.6,Real Estate,REIT - Retail,75.29B,1.68M,1.11,1.88%,356.4%,13.1%,Yes,Yes,-0.80%,65,66,57,74,57,1.19%,4.38%,7.90%,11.79%,23.97%,16.40%
SPGI,S&P Global Inc.,439.28,Financial Services,Financial Data & Stock Exchanges,134.11B,3.88M,2.04,2.91%,21.1%,8.8%,No,No,-23.86%,1,6,14,10,17,-2.75%,-16.75%,-18.89%,-10.17%,-20.82%,-14.74%
SRE,Sempra,87.36,Utilities,Utilities - Diversified,57.02B,3.96M,1.03,2.12%,-85.4%,13.5%,No,Yes,-8.07%,40,33,18,48,48,0.81%,1.32%,-0.76%,-5.15%,8.47%,9.92%
STE,STERIS plc,252.16,Healthcare,Medical Devices,24.84B,1.39M,2.21,2.70%,11.2%,9.2%,No,Yes,-6.41%,16,27,22,40,52,3.42%,-4.57%,-3.27%,-3.04%,4.10%,12.70%
STLD,"Steel Dynamics, Inc.",202.39,Basic Materials,Steel,29.79B,1.26M,0.96,3.32%,28.3%,14.0%,Yes,Yes,-0.22%,88,90,90,95,90,4.85%,8.49%,17.56%,32.74%,65.60%,59.22%
STT,State Street Corporation,132.35,Financial Services,Asset Management,36.97B,1.13M,0.53,2.25%,-4.6%,7.6%,Yes,Yes,-3.43%,33,34,61,70,79,2.83%,-0.17%,-0.34%,13.60%,20.80%,36.87%
STX,Seagate Technology Holdings plc,429.32,Technology,Computer Hardware,93.62B,3.21M,0.71,7.41%,76.5%,21.5%,Yes,Yes,-6.55%,29,98,97,98,98,5.89%,-0.84%,50.92%,54.58%,187.01%,353.34%
STZ,"Constellation Brands, Inc.",164.33,Consumer Defensive,Beverages - Brewers,28.61B,1.46M,0.54,2.89%,-18.4%,-9.8%,Yes,Yes,-14.85%,75,79,88,28,36,-0.75%,5.57%,11.79%,29.27%,-2.29%,-0.80%
SW,Smurfit Westrock Plc,44.14,Consumer Cyclical,Packaging & Containers,23.06B,4.37M,0.88,3.43%,0.0%,4.3%,Yes,Yes,-18.91%,72,50,81,36,14,2.25%,5.20%,4.35%,23.57%,2.18%,-17.33%
SWK,"Stanley Black & Decker, Inc.",89.39,Industrials,Tools & Accessories,13.85B,2.36M,1.3,3.12%,-18.8%,-1.0%,Yes,Yes,-1.40%,96,74,91,83,47,4.46%,12.94%,9.69%,34.04%,31.94%,8.91%
SWKS,"Skyworks Solutions, Inc.",62.1,Technology,Semiconductors,9.31B,4.14M,0.98,3.60%,-51.1%,-3.1%,No,No,-30.91%,91,42,12,17,35,1.94%,9.27%,2.37%,-11.09%,-10.82%,-1.35%
SYF,Synchrony Financial,75.16,Financial Services,Credit Services,27.07B,2.49M,0.57,2.93%,-3.0%,5.0%,No,Yes,-15.33%,48,12,34,49,51,1.58%,2.23%,-14.33%,2.19%,8.70%,11.74%
SYK,Stryker Corporation,358.29,Healthcare,Medical Devices,137.02B,1.64M,0.86,2.21%,55.5%,11.4%,No,No,-11.08%,22,28,33,25,25,-1.14%,-2.68%,-2.43%,1.52%,-4.66%,-8.70%
SYY,Sysco Corporation,86.53,Consumer Defensive,Food Distribution,41.44B,2.39M,0.62,2.36%,-4.2%,3.0%,Yes,Yes,-0.22%,65,89,74,49,69,2.26%,4.43%,16.51%,19.56%,8.79%,24.83%
T,AT&T Inc.,27.13,Communication Services,Telecom Services,192.34B,37.37M,0.83,2.09%,-7.2%,3.6%,Yes,Yes,-6.87%,54,82,55,30,56,-0.66%,3.16%,13.56%,10.95%,-1.20%,15.82%
TAP,Molson Coors Beverage Company,51.76,Consumer Defensive,Beverages - Brewers,10.24B,1.47M,0.55,2.41%,0.0%,-2.3%,Yes,Yes,-17.60%,84,73,72,40,35,1.23%,6.88%,9.54%,18.62%,4.16%,-1.22%
TDG,TransDigm Group Incorporated,1285.53,Industrials,Aerospace & Defense,72.60B,0.39M,1.05,2.55%,-9.7%,13.9%,No,No,-15.39%,7,20,31,30,42,1.76%,-10.45%,-6.67%,1.10%,-1.14%,5.74%
TDY,Teledyne Technologies Incorporated,647.56,Technology,Scientific & Technical Instruments,30.40B,0.22M,0.55,2.63%,38.8%,7.3%,Yes,Yes,-0.11%,76,91,85,66,71,3.04%,5.60%,17.97%,27.80%,18.62%,26.97%
TEAM,Atlassian Corporation,94.72,Technology,Software - Application,24.93B,13.79M,2.9,6.61%,0.0%,20.6%,No,No,-70.94%,1,0,1,1,0,-3.75%,-16.69%,-36.61%,-39.33%,-43.64%,-70.31%
TECH,Bio-Techne Corporation,66.78,Healthcare,Biotechnology,10.45B,1.52M,0.68,4.23%,8.9%,-0.4%,Yes,Yes,-12.81%,49,46,64,84,22,1.40%,2.34%,3.41%,14.94%,32.82%,-10.47%
TEL,TE Connectivity plc,215.91,Technology,Electronic Components,63.38B,2.58M,1.25,2.99%,42.0%,21.7%,No,Yes,-13.87%,16,22,12,46,86,3.46%,-4.94%,-5.32%,-10.96%,7.28%,49.20%
TER,"Teradyne, Inc.",300.11,Technology,Semiconductor Equipment & Materials,47.74B,4.70M,1.43,5.32%,75.9%,43.9%,Yes,Yes,-0.42%,98,98,97,98,97,10.69%,20.27%,38.74%,62.33%,179.74%,164.24%
TFC,Truist Financial Corporation,55.81,Financial Services,Banks - Regional,71.39B,7.39M,0.77,2.12%,6.1%,3.2%,Yes,Yes,-0.69%,79,73,85,82,64,1.22%,5.98%,9.54%,28.28%,31.08%,21.64%
TGT,Target Corporation,115.55,Consumer Defensive,Discount Stores,52.51B,7.78M,1.17,3.06%,-19.3%,-1.6%,Yes,Yes,-11.97%,74,68,89,56,22,4.24%,5.50%,8.67%,31.25%,12.22%,-10.42%
TJX,"The TJX Companies, Inc.",155.86,Consumer Cyclical,Apparel Retail,173.46B,4.69M,0.89,1.66%,11.2%,7.5%,Yes,Yes,-2.27%,59,31,49,67,69,0.30%,3.79%,-1.51%,8.72%,19.36%,25.07%
TKO,"TKO Group Holdings, Inc.",211.9,Communication Services,Entertainment,17.40B,0.54M,0.62,3.05%,77.2%,-27.3%,Yes,Yes,-2.85%,77,51,69,82,77,1.80%,5.68%,4.85%,17.51%,30.75%,33.10%
TMO,Thermo Fisher Scientific Inc.,542.83,Healthcare,Diagnostics & Research,203.95B,2.96M,1.26,2.63%,7.3%,7.2%,No,Yes,-15.71%,13,16,20,65,31,0.09%,-6.69%,-10.50%,-4.02%,18.02%,-4.88%
TMUS,"T-Mobile US, Inc.",197.39,Communication Services,Telecom Services,222.15B,4.60M,0.82,2.34%,-11.3%,8.9%,No,No,-27.74%,39,34,25,11,13,-2.21%,1.23%,-0.26%,-1.31%,-18.74%,-18.89%
TPL,Texas Pacific Land Corporation,366.03,Energy,Oil & Gas E&P,25.23B,0.39M,1.11,4.07%,13.7%,17.0%,Yes,Yes,-24.55%,89,94,50,79,14,5.99%,8.72%,20.82%,8.80%,27.83%,-17.46%
TPR,"Tapestry, Inc.",152.1,Consumer Cyclical,Luxury Goods,31.13B,2.44M,1.07,3.33%,80.8%,14.0%,Yes,Yes,-0.67%,98,83,97,89,94,6.22%,17.30%,13.92%,54.47%,40.44%,88.02%
TRGP,Targa Resources Corp.,211.44,Energy,Oil & Gas Midstream,45.50B,0.75M,0.65,2.72%,23.5%,7.8%,Yes,Yes,-0.11%,82,93,83,80,46,2.87%,6.43%,20.22%,25.09%,29.57%,8.76%
TRI,Thomson Reuters Corporation,88.07,Industrials,Specialty Business Services,39.19B,4.43M,2.46,4.23%,-43.4%,5.2%,No,No,-59.36%,0,1,1,0,2,-0.27%,-19.22%,-31.93%,-36.35%,-50.68%,-49.49%
TRMB,Trimble Inc.,66.15,Technology,Scientific & Technical Instruments,15.74B,1.94M,1.02,2.85%,174.6%,2.9%,No,No,-24.40%,22,9,9,9,19,3.39%,-2.55%,-16.80%,-16.07%,-21.03%,-12.23%
TROW,"T. Rowe Price Group, Inc.",94.58,Financial Services,Asset Management,20.68B,3.05M,1.58,2.70%,1.2%,6.0%,No,No,-18.03%,5,14,17,22,22,2.78%,-11.32%,-12.89%,-6.28%,-7.76%,-10.63%
TRV,"The Travelers Companies, Inc.",301.49,Financial Services,Insurance - Property & Casualty,67.25B,1.44M,0.9,2.03%,19.9%,3.5%,Yes,Yes,-0.96%,75,57,52,60,67,0.39%,5.55%,6.09%,9.56%,14.74%,23.73%
TSCO,Tractor Supply Company,55.61,Consumer Cyclical,Specialty Retail,29.38B,6.01M,0.76,2.95%,-3.8%,3.3%,Yes,Yes,-12.39%,71,67,40,24,44,2.07%,4.96%,8.19%,5.18%,-5.40%,6.57%
TSLA,"Tesla, Inc.",411.11,Consumer Cyclical,Auto Manufacturers,1542.66B,60.59M,0.97,3.35%,-60.5%,-3.1%,No,Yes,-17.59%,23,22,16,75,48,3.50%,-2.54%,-5.67%,-7.80%,24.71%,9.83%
TSN,"Tyson Foods, Inc.",65.26,Consumer Defensive,Farm Products,22.98B,2.12M,0.74,2.41%,-76.3%,5.1%,Yes,Yes,-1.73%,30,83,84,63,59,0.09%,-0.73%,13.75%,27.37%,16.46%,17.70%
TT,Trane Technologies plc,454.76,Industrials,Building Products & Equipment,101.19B,1.17M,0.64,2.53%,-2.2%,5.6%,Yes,Yes,-4.28%,84,93,39,44,72,4.27%,6.98%,20.19%,4.40%,5.98%,28.06%
TTD,"The Trade Desk, Inc.",27.04,Communication Services,Advertising Agencies,13.22B,13.14M,1.04,4.08%,22.7%,17.7%,No,No,-78.51%,9,2,1,0,0,3.05%,-9.11%,-27.51%,-41.09%,-50.14%,-76.42%
TTWO,"Take-Two Interactive Software, Inc.",195.59,Communication Services,Electronic Gaming & Multimedia,36.22B,3.02M,1.49,3.62%,0.0%,24.9%,No,No,-26.13%,5,4,5,18,44,1.22%,-11.82%,-22.50%,-22.51%,-10.02%,6.83%
TXN,Texas Instruments Incorporated,221.44,Technology,Semiconductors,201.21B,9.38M,1.12,2.91%,-3.5%,10.4%,Yes,Yes,-3.23%,26,91,94,69,69,-1.13%,-1.59%,18.27%,38.11%,20.11%,24.64%
TXT,Textron Inc.,95.44,Industrials,Aerospace & Defense,17.01B,1.43M,0.76,2.40%,66.7%,15.6%,Yes,Yes,-1.59%,90,48,72,74,70,2.79%,9.00%,4.07%,18.69%,23.97%,26.94%
TYL,"Tyler Technologies, Inc.",348.35,Technology,Software - Application,15.07B,0.69M,1.47,4.09%,11.2%,9.7%,No,No,-47.32%,17,4,4,2,2,2.20%,-4.00%,-23.17%,-25.09%,-41.39%,-43.44%
UAL,"United Airlines Holdings, Inc.",115.91,Industrials,Airlines,37.52B,8.49M,1.71,3.99%,6.0%,4.8%,Yes,Yes,-2.77%,87,36,77,80,43,9.26%,7.97%,0.38%,21.09%,29.81%,6.19%
UBER,"Uber Technologies, Inc.",74.77,Technology,Software - Application,155.93B,22.21M,1.12,3.43%,-95.7%,20.1%,No,No,-26.69%,11,11,8,12,44,-0.59%,-7.51%,-14.64%,-18.83%,-16.51%,6.83%
UDR,"UDR, Inc.",37.55,Real Estate,REIT - Residential,14.14B,3.80M,0.86,2.17%,78.8%,6.6%,Yes,Yes,-15.49%,47,39,58,34,25,1.13%,2.18%,1.81%,12.51%,0.94%,-8.65%
UHS,"Universal Health Services, Inc.",218.56,Healthcare,Medical Care Facilities,13.91B,0.54M,0.78,2.82%,44.2%,13.4%,Yes,Yes,-11.20%,88,47,21,77,58,0.97%,8.27%,3.51%,-3.38%,27.09%,16.47%
ULTA,"Ulta Beauty, Inc.",690.37,Consumer Cyclical,Specialty Retail,30.96B,0.43M,0.82,2.46%,-4.7%,12.9%,Yes,Yes,-0.71%,58,52,92,88,92,1.84%,3.73%,5.01%,35.41%,38.57%,71.90%
UNH,UnitedHealth Group Incorporated,276.65,Healthcare,Healthcare Plans,250.60B,9.53M,0.93,3.06%,-99.8%,12.3%,No,No,-53.45%,20,5,11,55,2,3.02%,-3.13%,-20.24%,-13.39%,11.71%,-46.52%
UNP,Union Pacific Corporation,252.62,Industrials,Railroads,149.84B,4.34M,1.3,2.25%,4.9%,-0.6%,Yes,Yes,-0.26%,85,74,68,60,43,0.47%,7.39%,9.91%,16.56%,15.05%,6.22%
UPS,"United Parcel Service, Inc.",117.34,Industrials,Integrated Freight & Logistics,99.55B,5.70M,0.95,2.55%,4.1%,-3.2%,Yes,Yes,-0.34%,81,74,85,89,49,0.68%,6.41%,9.69%,27.54%,40.34%,10.52%
URI,"United Rentals, Inc.",899.55,Industrials,Rental & Leasing Services,57.24B,0.82M,1.15,3.36%,-5.2%,2.8%,Yes,Yes,-11.75%,97,29,44,43,63,6.11%,15.48%,-1.99%,6.67%,5.15%,21.10%
USB,U.S. Bancorp,60.69,Financial Services,Banks - Regional,94.37B,9.75M,0.88,1.93%,23.0%,5.3%,Yes,Yes,-0.36%,78,71,89,87,77,2.67%,5.81%,9.29%,30.79%,38.06%,32.74%
V,Visa Inc.,331.58,Financial Services,Credit Services,639.30B,7.44M,0.98,2.15%,14.3%,14.6%,No,No,-11.37%,31,22,25,30,32,0.74%,-0.68%,-5.86%,-1.40%,-1.18%,-3.90%
VICI,VICI Properties Inc.,28.76,Real Estate,REIT - Diversified,30.74B,4.40M,0.44,1.62%,4.0%,4.4%,Yes,No,-12.87%,52,45,24,18,38,0.07%,2.90%,3.23%,-1.87%,-9.93%,1.04%
VLO,Valero Energy Corporation,202.68,Energy,Oil & Gas Refining & Marketing,62.96B,2.84M,0.78,3.50%,303.6%,3.9%,Yes,Yes,-0.22%,96,59,68,93,87,4.40%,13.15%,6.59%,16.59%,53.95%,55.36%
VLTO,Veralto Corporation,90.57,Industrials,Pollution & Treatment Controls,22.49B,3.03M,1.86,2.43%,11.9%,3.8%,No,No,-17.55%,6,16,15,13,26,-0.24%,-10.75%,-10.98%,-7.95%,-15.71%,-7.57%
VMC,Vulcan Materials Company,323.72,Basic Materials,Building Materials,42.77B,0.76M,0.85,2.45%,80.6%,14.4%,Yes,Yes,-0.26%,78,67,59,58,59,4.17%,5.82%,8.22%,13.26%,13.36%,17.64%
VRSK,"Verisk Analytics, Inc.",179.1,Industrials,Consulting Services,25.02B,3.82M,2.67,2.64%,2.5%,5.9%,No,No,-44.25%,2,6,10,3,3,-3.02%,-16.37%,-19.63%,-15.69%,-32.17%,-38.86%
VRSN,"VeriSign, Inc.",224.17,Technology,Software - Infrastructure,20.94B,2.34M,3.41,3.14%,5.7%,7.3%,No,No,-27.40%,6,18,18,12,40,-7.60%,-10.69%,-9.29%,-6.15%,-17.06%,2.70%
VRTX,Vertex Pharmaceuticals Incorporated,477.92,Healthcare,Biotechnology,122.53B,1.31M,1.0,2.77%,3.6%,11.0%,Yes,Yes,-8.04%,39,39,64,82,36,4.17%,1.25%,1.75%,14.82%,30.39%,-0.67%
VST,Vistra Corp.,149.65,Utilities,Utilities - Independent Power Producers,50.71B,7.39M,1.27,4.79%,-65.5%,-20.9%,No,No,-31.83%,20,33,8,6,20,4.60%,-2.99%,-0.63%,-18.83%,-25.78%,-11.43%
VTR,"Ventas, Inc.",82.55,Real Estate,REIT - Healthcare Facilities,38.78B,3.28M,1.28,2.17%,243.2%,21.8%,Yes,Yes,-0.30%,83,74,54,72,81,3.39%,6.64%,9.95%,10.81%,21.97%,40.21%
VTRS,Viatris Inc.,14.58,Healthcare,Drug Manufacturers - Specialty & Generic,16.83B,8.04M,0.97,2.80%,0.0%,0.2%,Yes,Yes,-0.14%,83,87,96,92,82,1.67%,6.58%,15.71%,45.89%,53.78%,40.56%
VZ,Verizon Communications Inc.,46.31,Communication Services,Telecom Services,195.29B,30.16M,0.91,2.21%,-53.2%,2.0%,Yes,Yes,-2.67%,59,88,71,54,68,-1.68%,3.81%,16.13%,18.32%,11.06%,23.89%
WAB,Westinghouse Air Brake Technologies Corporation,246.32,Industrials,Railroads,42.11B,0.53M,0.82,1.91%,9.5%,8.4%,Yes,Yes,-0.15%,74,76,77,79,61,2.58%,5.40%,10.74%,21.03%,29.00%,19.31%
WAT,Waters Corporation,381.29,Healthcare,Diagnostics & Research,22.70B,0.68M,1.39,2.73%,-7.8%,8.0%,No,Yes,-8.59%,36,25,35,86,27,1.17%,0.52%,-3.87%,2.73%,35.59%,-7.22%
WBD,"Warner Bros. Discovery, Inc.",27.36,Communication Services,Entertainment,67.84B,33.06M,1.4,1.86%,0.0%,-6.0%,No,Yes,-8.80%,32,27,78,97,98,2.24%,-0.58%,-3.39%,22.03%,150.78%,168.24%
WDAY,"Workday, Inc.",162.92,Technology,Software - Application,43.50B,4.10M,1.17,3.82%,30.6%,12.6%,No,No,-42.57%,14,5,3,5,3,2.62%,-6.03%,-22.34%,-27.43%,-26.64%,-41.36%
WDC,Western Digital Corporation,282.58,Technology,Computer Hardware,96.61B,9.65M,0.99,8.20%,0.0%,0.0%,Yes,Yes,-4.69%,67,98,98,98,98,8.61%,4.57%,50.56%,72.87%,277.67%,482.02%
WEC,"WEC Energy Group, Inc.",111.42,Utilities,Utilities - Regulated Electric,36.26B,2.35M,1.07,1.77%,-30.2%,11.1%,Yes,Yes,-4.97%,40,56,32,36,54,-0.46%,1.44%,5.88%,1.39%,2.62%,14.31%
WELL,Welltower Inc.,195.92,Real Estate,REIT - Healthcare Facilities,134.47B,2.29M,0.83,2.14%,-37.6%,30.6%,Yes,Yes,-6.28%,66,53,39,65,81,2.54%,4.53%,5.16%,4.75%,17.57%,40.01%
WFC,Wells Fargo & Company,93.97,Financial Services,Banks - Diversified,294.98B,13.11M,0.87,2.21%,5.6%,5.0%,Yes,Yes,-3.88%,44,30,52,71,60,2.13%,1.84%,-1.71%,9.79%,21.34%,17.92%
WM,"Waste Management, Inc.",226.79,Industrials,Waste Management,91.37B,1.82M,0.9,1.92%,24.1%,7.1%,Yes,Yes,-5.47%,42,48,62,27,39,0.08%,1.63%,4.10%,14.05%,-2.79%,2.33%
WMB,"The Williams Companies, Inc.",66.92,Energy,Oil & Gas Midstream,81.72B,11.91M,1.68,2.56%,-8.4%,8.3%,Yes,Yes,-2.94%,37,72,67,65,67,-0.74%,0.87%,9.44%,16.45%,17.55%,23.61%
WMT,Walmart Inc.,131.18,Consumer Defensive,Discount Stores,1045.88B,25.02M,0.68,2.35%,34.2%,5.8%,Yes,Yes,-0.39%,77,87,88,77,73,3.34%,5.74%,16.02%,29.28%,27.02%,28.77%
WRB,W. R. Berkley Corporation,70.41,Financial Services,Insurance - Property & Casualty,26.76B,1.16M,0.47,2.40%,-22.0%,1.5%,Yes,No,-9.40%,60,36,20,35,59,-1.23%,3.90%,0.24%,-4.08%,1.41%,17.59%
WSM,"Williams-Sonoma, Inc.",220.67,Consumer Cyclical,Specialty Retail,26.34B,0.58M,0.59,3.60%,1.8%,4.6%,Yes,Yes,-0.51%,54,79,66,54,43,3.85%,3.10%,11.91%,15.37%,11.40%,6.20%
WST,"West Pharmaceutical Services, Inc.",248.95,Healthcare,Medical Instruments & Supplies,17.91B,1.24M,1.31,3.81%,2.9%,7.7%,No,Yes,-25.42%,69,18,14,39,9,7.48%,4.82%,-9.47%,-9.43%,3.48%,-24.35%
WTW,Willis Towers Watson Public Limited Company,330.04,Financial Services,Insurance Brokers,31.60B,0.55M,0.97,2.19%,-41.0%,-3.3%,Yes,Yes,-6.19%,63,32,35,34,39,0.83%,4.24%,-0.93%,2.72%,1.22%,2.10%
WY,Weyerhaeuser Company,26.64,Real Estate,REIT - Specialty,19.20B,5.06M,0.68,2.82%,-8.6%,-9.8%,Yes,Yes,-13.06%,53,77,70,45,24,-0.26%,3.10%,11.05%,17.80%,6.41%,-9.55%
WYNN,"Wynn Resorts, Limited",117.96,Consumer Cyclical,Resorts & Casinos,12.27B,1.75M,1.43,2.73%,0.0%,8.3%,No,Yes,-12.44%,87,34,21,54,85,4.20%,8.04%,-0.26%,-3.54%,11.34%,47.68%
XEL,Xcel Energy Inc.,75.9,Utilities,Utilities - Regulated Electric,44.90B,6.70M,1.34,1.83%,22.2%,14.1%,Yes,Yes,-7.86%,44,46,19,42,58,-0.29%,1.88%,3.43%,-5.03%,5.12%,16.77%
XOM,Exxon Mobil Corporation,149.05,Energy,Oil & Gas Integrated,628.57B,17.16M,0.88,2.02%,-14.6%,-1.3%,Yes,Yes,-0.35%,86,94,89,90,82,2.03%,7.70%,21.27%,31.31%,42.09%,42.51%
XYL,Xylem Inc.,142.12,Industrials,Specialty Industrial Machinery,34.60B,1.23M,0.98,2.24%,4.6%,7.8%,Yes,Yes,-7.62%,41,38,18,32,47,2.07%,1.60%,0.87%,-5.20%,0.19%,9.43%
XYZ,"Block, Inc.",55.97,Technology,Software - Infrastructure,34.12B,8.28M,1.32,3.76%,62.7%,2.3%,No,No,-36.92%,12,6,6,7,5,4.85%,-7.33%,-20.23%,-21.09%,-23.74%,-34.98%
YUM,"Yum! Brands, Inc.",162.93,Consumer Cyclical,Restaurants,45.24B,1.44M,0.7,2.08%,26.5%,6.4%,Yes,Yes,-0.41%,64,58,55,63,55,1.14%,4.33%,6.16%,10.90%,16.43%,15.33%
ZBH,"Zimmer Biomet Holdings, Inc.",89.91,Healthcare,Medical Devices,17.82B,1.17M,0.59,2.69%,-7.3%,9.7%,No,No,-20.83%,63,24,33,19,20,1.33%,4.28%,-4.43%,1.85%,-8.96%,-11.58%
ZBRA,Zebra Technologies Corporation,251.4,Technology,Communication Equipment,12.78B,0.65M,0.99,3.34%,-26.3%,5.2%,No,No,-35.00%,60,31,23,9,6,4.28%,3.88%,-1.27%,-2.65%,-20.86%,-33.28%
ZS,"Zscaler, Inc.",167.33,Technology,Software - Infrastructure,26.68B,4.52M,2.48,4.18%,0.0%,25.5%,No,No,-50.35%,2,3,0,3,14,-1.22%,-16.59%,-24.05%,-47.37%,-37.96%,-18.07%
ZTS,Zoetis Inc.,127.42,Healthcare,Drug Manufacturers - Specialty & Generic,56.47B,3.33M,0.77,2.35%,5.7%,0.5%,Yes,No,-27.13%,45,38,45,15,9,0.54%,1.98%,0.88%,7.03%,-12.85%,-25.76%
